-- phpMyAdmin SQL Dump
-- version 5.2.1
-- https://www.phpmyadmin.net/
--
-- Host: 127.0.0.1:3306
-- Generation Time: Mar 03, 2024 at 04:16 PM
-- Server version: 8.2.0
-- PHP Version: 8.2.13

SET SQL_MODE = "NO_AUTO_VALUE_ON_ZERO";
START TRANSACTION;
SET time_zone = "+00:00";


/*!40101 SET @OLD_CHARACTER_SET_CLIENT=@@CHARACTER_SET_CLIENT */;
/*!40101 SET @OLD_CHARACTER_SET_RESULTS=@@CHARACTER_SET_RESULTS */;
/*!40101 SET @OLD_COLLATION_CONNECTION=@@COLLATION_CONNECTION */;
/*!40101 SET NAMES utf8mb4 */;

--
-- Database: `word_quest`
--

-- --------------------------------------------------------

--
-- Table structure for table `lessons`
--

DROP TABLE IF EXISTS `lessons`;
CREATE TABLE IF NOT EXISTS `lessons` (
  `id` int NOT NULL AUTO_INCREMENT,
  `list_id` int NOT NULL,
  `lesson_id` int NOT NULL,
  `odr` int NOT NULL,
  `completed` tinyint(1) NOT NULL DEFAULT '0',
  PRIMARY KEY (`id`)
) ENGINE=MyISAM AUTO_INCREMENT=205 DEFAULT CHARSET=latin1;

--
-- Dumping data for table `lessons`
--

INSERT INTO `lessons` (`id`, `list_id`, `lesson_id`, `odr`, `completed`) VALUES
(1, 1, 1, 1, 0),
(2, 1, 3, 2, 0),
(3, 1, 2, 3, 0),
(4, 1, 4, 4, 0),
(5, 1, 4, 5, 0),
(6, 1, 4, 6, 0),
(7, 2, 7, 1, 0),
(8, 2, 7, 2, 0),
(9, 2, 1, 3, 0),
(10, 2, 1, 4, 0),
(11, 2, 2, 5, 0),
(12, 2, 2, 6, 0),
(13, 3, 4, 1, 0),
(14, 3, 3, 2, 0),
(15, 3, 4, 3, 0),
(16, 3, 2, 4, 0),
(17, 3, 1, 5, 0),
(18, 3, 2, 6, 0),
(19, 4, 4, 1, 0),
(20, 4, 8, 2, 0),
(21, 4, 2, 3, 0),
(22, 4, 1, 4, 0),
(23, 4, 4, 5, 0),
(24, 4, 2, 6, 0),
(25, 5, 2, 1, 0),
(26, 5, 3, 2, 0),
(27, 5, 2, 3, 0),
(28, 5, 1, 4, 0),
(29, 5, 4, 5, 0),
(30, 5, 4, 6, 0),
(31, 6, 1, 1, 0),
(32, 6, 3, 2, 0),
(33, 6, 2, 3, 0),
(34, 6, 1, 4, 0),
(35, 6, 1, 5, 0),
(36, 6, 4, 6, 0),
(37, 7, 4, 1, 0),
(38, 7, 3, 2, 0),
(39, 7, 1, 3, 0),
(40, 7, 4, 4, 0),
(41, 7, 2, 5, 0),
(42, 7, 2, 6, 0),
(43, 8, 2, 1, 0),
(44, 8, 8, 2, 0),
(45, 8, 1, 3, 0),
(46, 8, 2, 4, 0),
(47, 8, 4, 5, 0),
(48, 8, 4, 6, 0),
(49, 9, 1, 1, 0),
(50, 9, 8, 2, 0),
(51, 9, 4, 3, 0),
(52, 9, 4, 4, 0),
(53, 9, 1, 5, 0),
(54, 9, 2, 6, 0),
(55, 10, 4, 1, 0),
(56, 10, 3, 2, 0),
(57, 10, 4, 3, 0),
(58, 10, 1, 4, 0),
(59, 10, 2, 5, 0),
(60, 10, 4, 6, 0),
(61, 11, 8, 1, 1),
(62, 11, 3, 2, 0),
(63, 11, 2, 3, 0),
(64, 11, 4, 4, 0),
(65, 11, 1, 5, 0),
(66, 11, 1, 6, 0),
(67, 12, 1, 1, 0),
(68, 12, 8, 2, 0),
(69, 12, 1, 3, 0),
(70, 12, 4, 4, 0),
(71, 12, 2, 5, 0),
(72, 12, 1, 6, 0),
(73, 13, 1, 1, 0),
(74, 13, 3, 2, 0),
(75, 13, 1, 3, 0),
(76, 13, 4, 4, 0),
(77, 13, 4, 5, 0),
(78, 13, 4, 6, 0),
(79, 14, 4, 1, 0),
(80, 14, 3, 2, 0),
(81, 14, 2, 3, 0),
(82, 14, 4, 4, 0),
(83, 14, 1, 5, 0),
(84, 14, 2, 6, 0),
(85, 15, 1, 1, 0),
(86, 15, 8, 2, 0),
(87, 15, 4, 3, 0),
(88, 15, 4, 4, 0),
(89, 15, 1, 5, 0),
(90, 15, 2, 6, 0),
(91, 16, 2, 1, 0),
(92, 16, 3, 2, 0),
(93, 16, 4, 3, 0),
(94, 16, 4, 4, 0),
(95, 16, 4, 5, 0),
(96, 16, 4, 6, 0),
(97, 17, 4, 1, 0),
(98, 17, 8, 2, 0),
(99, 17, 4, 3, 0),
(100, 17, 1, 4, 0),
(101, 17, 4, 5, 0),
(102, 17, 4, 6, 0),
(103, 18, 4, 1, 0),
(104, 18, 8, 2, 0),
(105, 18, 2, 3, 0),
(106, 18, 2, 4, 0),
(107, 18, 4, 5, 0),
(108, 18, 2, 6, 0),
(109, 19, 1, 1, 0),
(110, 19, 3, 2, 0),
(111, 19, 4, 3, 0),
(112, 19, 4, 4, 0),
(113, 19, 2, 5, 0),
(114, 19, 1, 6, 0),
(115, 20, 4, 1, 0),
(116, 20, 3, 2, 0),
(117, 20, 1, 3, 0),
(118, 20, 1, 4, 0),
(119, 20, 1, 5, 0),
(120, 20, 4, 6, 0),
(121, 21, 2, 1, 0),
(122, 21, 8, 2, 0),
(123, 21, 1, 3, 0),
(124, 21, 2, 4, 0),
(125, 21, 4, 5, 0),
(126, 21, 2, 6, 0),
(127, 22, 1, 1, 0),
(128, 22, 8, 2, 0),
(129, 22, 1, 3, 0),
(130, 22, 4, 4, 0),
(131, 22, 1, 5, 0),
(132, 22, 4, 6, 0),
(133, 23, 4, 1, 0),
(134, 23, 3, 2, 0),
(135, 23, 1, 3, 0),
(136, 23, 4, 4, 0),
(137, 23, 2, 5, 0),
(138, 23, 4, 6, 0),
(139, 24, 1, 1, 0),
(140, 24, 3, 2, 0),
(141, 24, 4, 3, 0),
(142, 24, 4, 4, 0),
(143, 24, 1, 5, 0),
(144, 24, 2, 6, 0),
(145, 25, 4, 1, 0),
(146, 25, 3, 2, 0),
(147, 25, 1, 3, 0),
(148, 25, 4, 4, 0),
(149, 25, 2, 5, 0),
(150, 25, 4, 6, 0),
(151, 26, 1, 1, 0),
(152, 26, 3, 2, 0),
(153, 26, 4, 3, 0),
(154, 26, 4, 4, 0),
(155, 26, 1, 5, 0),
(156, 26, 2, 6, 0),
(157, 27, 4, 1, 0),
(158, 27, 3, 2, 0),
(159, 27, 1, 3, 0),
(160, 27, 4, 4, 0),
(161, 27, 2, 5, 0),
(162, 27, 4, 6, 0),
(163, 28, 1, 1, 0),
(164, 28, 3, 2, 0),
(165, 28, 4, 3, 0),
(166, 28, 4, 4, 0),
(167, 28, 1, 5, 0),
(168, 28, 2, 6, 0),
(169, 29, 4, 1, 0),
(170, 29, 3, 2, 0),
(171, 29, 1, 3, 0),
(172, 29, 4, 4, 0),
(173, 29, 2, 5, 0),
(174, 29, 4, 6, 0),
(175, 30, 1, 1, 0),
(176, 30, 3, 2, 0),
(177, 30, 4, 3, 0),
(178, 30, 4, 4, 0),
(179, 30, 1, 5, 0),
(180, 30, 2, 6, 0),
(181, 31, 4, 1, 0),
(182, 31, 3, 2, 0),
(183, 31, 1, 3, 0),
(184, 31, 4, 4, 0),
(185, 31, 2, 5, 0),
(186, 31, 4, 6, 0),
(187, 32, 1, 1, 0),
(188, 32, 3, 2, 0),
(189, 32, 4, 3, 0),
(190, 32, 4, 4, 0),
(191, 32, 1, 5, 0),
(192, 32, 2, 6, 0),
(193, 33, 4, 1, 0),
(194, 33, 3, 2, 0),
(195, 33, 1, 3, 0),
(196, 33, 4, 4, 0),
(197, 33, 2, 5, 0),
(198, 33, 4, 6, 0),
(199, 34, 1, 1, 0),
(200, 34, 3, 2, 0),
(201, 34, 4, 3, 0),
(202, 34, 4, 4, 0),
(203, 34, 1, 5, 0),
(204, 34, 2, 6, 0);

-- --------------------------------------------------------

--
-- Table structure for table `lessons_log`
--

DROP TABLE IF EXISTS `lessons_log`;
CREATE TABLE IF NOT EXISTS `lessons_log` (
  `id` int NOT NULL AUTO_INCREMENT,
  `user_id` int NOT NULL,
  `list_id` int NOT NULL,
  `lesson_id` int NOT NULL,
  `xp` int NOT NULL,
  `lost_lives` int NOT NULL,
  `time` int NOT NULL,
  `created_at` datetime NOT NULL DEFAULT CURRENT_TIMESTAMP,
  PRIMARY KEY (`id`)
) ENGINE=MyISAM AUTO_INCREMENT=3 DEFAULT CHARSET=utf8mb4  ;

--
-- Dumping data for table `lessons_log`
--

INSERT INTO `lessons_log` (`id`, `user_id`, `list_id`, `lesson_id`, `xp`, `lost_lives`, `time`) VALUES
(1, 1, 1, 1, 10, 0, 10),
(2, 1, 1, 3, 10, 0, 10),
(3, 1, 1, 2, 10, 0, 10),
(4, 1, 1, 4, 10, 0, 10),
(5, 1, 1, 4, 10, 0, 10),
(6, 1, 1, 4, 10, 0, 10),
(7, 1, 2, 7, 10, 0, 10),
(8, 1, 2, 7, 10, 0, 10),
(9, 1, 2, 1, 10, 0, 10),
(10, 1, 2, 1, 10, 0, 10),
(11, 1, 2, 2, 10, 0, 10),
(12, 1, 2, 2, 10, 0, 10),
(13, 1, 3, 4, 10, 0, 10),
(14, 1, 3, 3, 10, 0, 10),
(15, 1, 3, 4, 10, 0, 10),
(16, 1, 3, 2, 10, 0, 10),
(17, 1, 3, 1, 10, 0, 10),
(18, 1, 3, 2, 10, 0, 10),
(19, 1, 4, 4, 10, 0, 10),
(20, 1, 4, 8, 10, 0, 10),
(21, 1, 4, 2, 10, 0, 10),
(22, 1, 4, 1, 10, 0, 10),
(23, 1, 4, 4, 10, 0, 10),
(24, 1, 4, 2, 10, 0, 10),
(25, 1, 5, 2, 10, 0, 10),
(26, 1, 5, 3, 10, 0, 10),
(27, 1, 5, 2, 10, 0, 10),
(28, 1, 5, 1, 10, 0, 10),
(29, 1, 5, 4, 10, 0, 10),
(30, 1, 5, 4, 10, 0, 10),
(31, 1, 6, 1, 10, 0, 10),
(32, 1, 6, 3, 10, 0, 10),
(33, 1, 6, 2, 10, 0, 10),
(34, 1, 6, 1, 10, 0, 10),
(35, 1, 6, 1, 10, 0, 10),
(36, 1, 6, 4, 10, 0, 10),
(37, 1, 7, 4, 10, 0, 10),
(38, 1, 7, 3, 10, 0, 10),
(39, 1, 7, 1, 10, 0, 10),
(40, 1, 7, 4, 10, 0, 10),
(41, 1, 7, 2, 10, 0, 10),
(42, 1, 7, 2, 10, 0, 10),
(43, 1, 8, 2, 10, 0, 10),
(44, 1, 8, 8, 10, 0, 10),
(45, 1, 8, 1, 10, 0, 10),
(46, 1, 8, 4, 10, 0, 10),
(47, 1, 8, 4, 10, 0, 10),
(48, 1, 8, 4, 10, 0, 10),
(49, 1, 9, 1, 10, 0, 10),
(50, 1, 9, 8, 10, 0, 10),
(51, 1, 9, 4, 10, 0, 10),
(52, 1, 9, 4, 10, 0, 10),
(53, 1, 9, 1, 10, 0, 10),
(54, 1, 9, 2, 10, 0, 10),
(55, 1, 10, 4, 10, 0, 10),
(56, 1, 10, 3, 10, 0, 10),
(57, 1, 10, 4, 10, 0, 10),
(58, 1, 10, 1, 10, 0, 10),
(59, 1, 10, 2, 10, 0, 10),
(60, 1, 10, 4, 10, 0, 10),
(61, 1, 11, 8, 10, 0, 10),
(62, 1, 11, 3, 10, 0, 10),
(63, 1, 11, 2, 10, 0, 10),
(64, 1, 11, 4, 10, 0, 10),
(65, 1, 11, 1, 10, 0, 10),
(66, 1, 11, 1, 10, 0, 10),
(67, 1, 12, 1, 10, 0, 10),
(68, 1, 12, 8, 10, 0, 10),
(69, 1, 12, 1, 10, 0, 10),
(70, 1, 12, 4, 10, 0, 10),
(71, 1, 12, 2, 10, 0, 10),
(72, 1, 12, 1, 10, 0, 10),
(73, 1, 13, 1, 10, 0, 10),
(74, 1, 13, 3, 10, 0, 10),
(75, 1, 13, 1, 10, 0, 10),
(76, 1, 13, 4, 10, 0, 10),
(77, 1, 13, 4, 10, 0, 10),
(78, 1, 13, 4, 10, 0, 10),
(79, 1, 14, 4, 10, 0, 10),
(80, 1, 14, 3, 10, 0, 10),
(81, 1, 14, 2, 10, 0, 10),
(82, 1, 14, 4, 10, 0, 10),
(83, 1, 14, 1, 10, 0, 10),
(84, 1, 14, 2, 10, 0, 10),
(85, 1, 15, 1, 10, 0, 10),
(86, 1, 15, 8, 10, 0, 10),
(87, 1, 15, 4, 10, 0, 10),
(88, 1, 15, 4, 10, 0, 10),
(89, 1, 15, 1, 10, 0, 10),
(90, 1, 15, 2, 10, 0, 10),
(91, 1, 16, 2, 10, 0, 10),
(92, 1, 16, 3, 10, 0, 10),
(93, 1, 16, 4, 10, 0, 10),
(94, 1, 16, 4, 10, 0, 10),
(95, 1, 16, 4, 10, 0, 10),
(96, 1, 16, 4, 10, 0, 10),
(97, 1, 17, 4, 10, 0, 10),
(98, 1, 17, 8, 10, 0, 10),
(99, 1, 17, 4, 10, 0, 10),
(100, 1, 17, 1, 10, 0, 10),
(101, 1, 17, 4, 10, 0, 10),
(102, 1, 17, 4, 10, 0, 10),
(103, 1, 18, 4, 10, 0, 10),
(104, 1, 18, 8, 10, 0, 10),
(105, 1, 18, 2, 10, 0, 10),
(106, 1, 18, 2, 10, 0, 10),
(107, 1, 18, 4, 10, 0, 10),
(108, 1, 18, 2, 10, 0, 10),
(109, 1, 19, 1, 10, 0, 10),
(110, 1, 19, 3, 10, 0, 10),
(111, 1, 19, 4, 10, 0, 10),
(112, 1, 19, 4, 10, 0, 10),
(113, 1, 19, 2, 10, 0, 10),
(114, 1, 19, 1, 10, 0, 10),
(115, 1, 20, 4, 10, 0, 10),
(116, 1, 20, 3, 10, 0, 10),
(117, 1, 20, 1, 10, 0, 10),
(118, 1, 20, 4, 10, 0, 10),
(119, 1, 20, 1, 10, 0, 10),
(120, 1, 20, 4, 10, 0, 10),
(121, 1, 21, 2, 10, 0, 10),
(122, 1, 21, 8, 10, 0, 10),
(123, 1, 21, 1, 10, 0, 10),
(124, 1, 21, 4, 10, 0, 10),
(125, 1, 21, 4, 10, 0, 10),
(126, 1, 21, 4, 10, 0, 10),
(127, 1, 22, 1, 10, 0, 10),
(128, 1, 22, 8, 10, 0, 10),
(129, 1, 22, 1, 10, 0, 10),
(130, 1, 22, 4, 10, 0, 10),
(131, 1, 22, 1, 10, 0, 10),
(132, 1, 22, 2, 10, 0, 10),
(133, 1, 23, 4, 10, 0, 10),
(134, 1, 23, 3, 10, 0, 10),
(135, 1, 23, 4, 10, 0, 10),
(136, 1, 23, 2, 10, 0, 10),
(137, 1, 23, 1, 10, 0, 10),
(138, 1, 23, 2, 10, 0, 10),
(139, 1, 24, 1, 10, 0, 10),
(140, 1, 24, 3, 10, 0, 10),
(141, 1, 24, 1, 10, 0, 10),
(142, 1, 24, 4, 10, 0, 10),
(143, 1, 24, 2, 10, 0, 10),
(144, 1, 24, 1, 10, 0, 10),
(145, 1, 25, 1, 10, 0, 10),
(146, 1, 25, 3, 10, 0, 10),
(147, 1, 25, 4, 10, 0, 10),
(148, 1, 25, 4, 10, 0, 10),
(149, 1, 25, 1, 10, 0, 10),
(150, 1, 25, 2, 10, 0, 10),
(151, 1, 26, 2, 10, 0, 10),
(152, 1, 26, 3, 10, 0, 10),
(153, 1, 26, 4, 10, 0, 10),
(154, 1, 26, 4, 10, 0, 10),
(155, 1, 26, 4, 10, 0, 10),
(156, 1, 26, 4, 10, 0, 10),
(157, 1, 27, 4, 10, 0, 10),
(158, 1, 27, 8, 10, 0, 10),
(159, 1, 27, 4, 10, 0, 10),
(160, 1, 27, 1, 10, 0, 10),
(161, 1, 27, 4, 10, 0, 10),
(162, 1, 27, 4, 10, 0, 10),
(163, 1, 28, 4, 10, 0, 10),
(164, 1, 28, 3, 10, 0, 10),
(165, 1, 28, 4, 10, 0, 10),
(166, 1, 28, 2, 10, 0, 10),
(167, 1, 28, 1, 10, 0, 10),
(168, 1, 28, 2, 10, 0, 10),
(169, 1, 29, 1, 10, 0, 10),
(170, 1, 29, 3, 10, 0, 10),
(171, 1, 29, 4, 10, 0, 10),
(172, 1, 29, 4, 10, 0, 10),
(173, 1, 29, 1, 10, 0, 10),
(174, 1, 29, 2, 10, 0, 10),
(175, 1, 30, 4, 10, 0, 10),
(176, 1, 30, 3, 10, 0, 10),
(177, 1, 30, 1, 10, 0, 10),
(178, 1, 30, 4, 10, 0, 10),
(179, 1, 30, 1, 10, 0, 10),
(180, 1, 30, 4, 10, 0, 10),
(181, 1, 31, 8, 10, 0, 10),
(182, 1, 31, 3, 10, 0, 10),
(183, 1, 31, 2, 10, 0, 10),
(184, 1, 31, 4, 10, 0, 10),
(185, 1, 31, 1, 10, 0, 10),
(186, 1, 31, 1, 10, 0, 10);
UPDATE `lessons_log` SET `user_id` = FLOOR(RAND() * 51) + 1 WHERE `user_id` = 1;
-- --------------------------------------------------------

--
-- Table structure for table `lists`
--

DROP TABLE IF EXISTS `lists`;
CREATE TABLE IF NOT EXISTS `lists` (
  `id` int NOT NULL AUTO_INCREMENT,
  `initial_id` int DEFAULT NULL,
  `user_id` int NOT NULL,
  `creator_id` int NOT NULL,
  `public` tinyint(1) NOT NULL,
  `shared_token` varchar(100) CHARACTER SET latin1 COLLATE latin1_swedish_ci DEFAULT NULL,
  `shared_expires` datetime DEFAULT NULL,
  `title` varchar(50) CHARACTER SET latin1 COLLATE latin1_swedish_ci NOT NULL,
  `description` varchar(500) NOT NULL,
  `tgt_xp` int NOT NULL,
  `tgt_games` int NOT NULL,
  `tgt_time` int NOT NULL,
  `notif_remind` tinyint(1) NOT NULL,
  `notif_stats` tinyint(1) NOT NULL,
  `updated_at` datetime NOT NULL DEFAULT CURRENT_TIMESTAMP ON UPDATE CURRENT_TIMESTAMP,
  `created_at` datetime NOT NULL DEFAULT CURRENT_TIMESTAMP,
  PRIMARY KEY (`id`)
) ENGINE=MyISAM AUTO_INCREMENT=35 DEFAULT CHARSET=latin1;

--
-- Dumping data for table `lists`
--

INSERT INTO `lists` (`id`, `initial_id`, `user_id`, `creator_id`, `public`, `shared_token`, `shared_expires`, `title`, `description`, `tgt_xp`, `tgt_games`, `tgt_time`, `notif_remind`, `notif_stats`, `updated_at`, `created_at`) VALUES
(1, NULL, 1, 1, 1, NULL, NULL, 'Animaux', 'Cette liste comprend des animaux de différentes espèces et habitats, allant des animaux domestiques aux animaux sauvages.', 10, 1, 5, 1, 0, '2024-03-03 14:11:48', '2024-02-21 17:09:26'),
(2, NULL, 1, 1, 1, NULL, NULL, 'Nourriture', 'Ces mots désignent une variété d\'aliments que l\'on consomme généralement dans notre alimentation quotidienne.', 10, 1, 5, 0, 0, '2024-02-21 17:26:58', '2024-02-21 17:14:02'),
(3, NULL, 1, 1, 1, NULL, NULL, 'Couleurs', 'Cette liste présente les couleurs de base ainsi que quelques nuances et teintes pour décrire divers objets et concepts colorés.', 10, 1, 5, 0, 0, '2024-02-21 17:27:02', '2024-02-21 17:23:21'),
(4, NULL, 1, 1, 1, NULL, NULL, 'Vêtements', 'Ces mots décrivent une gamme d\'articles vestimentaires portés par les gens pour se couvrir et se protéger.', 10, 1, 5, 0, 0, '2024-02-21 17:27:08', '2024-02-21 17:26:39'),
(5, NULL, 1, 1, 1, NULL, NULL, 'Moyens de transport', 'Cette liste présente différents moyens de transport utilisés pour se déplacer d\'un endroit à un autre.', 10, 1, 5, 0, 0, '2024-02-21 17:30:29', '2024-02-21 17:30:29'),
(6, NULL, 1, 1, 1, NULL, NULL, 'Jobs', 'Ces mots désignent différents métiers et professions exercés par les gens pour gagner leur vie et contribuer à la société', 10, 1, 5, 0, 0, '2024-02-21 17:34:44', '2024-02-21 17:34:44'),
(7, NULL, 1, 1, 1, NULL, NULL, 'Corps humain', 'Cette liste décrit les différentes parties du corps humain qui permettent à une personne de fonctionner et d\'interagir avec le monde.', 10, 1, 5, 0, 0, '2024-02-28 11:39:09', '2024-02-21 17:38:38'),
(8, NULL, 1, 1, 1, NULL, NULL, 'Fruits', 'Ces mots désignent une variété de fruits comestibles que l\'on trouve souvent sur les étals des marchés et dans les magasins d\'alimentation.', 10, 1, 5, 0, 0, '2024-02-21 17:56:10', '2024-02-21 17:56:10'),
(9, NULL, 1, 1, 0, NULL, NULL, 'Légumes', 'Cette liste comprend une sélection de légumes cultivés et consommés dans de nombreuses cuisines à travers le monde pour leurs qualités nutritionnelles et leur goût.', 10, 1, 5, 0, 0, '2024-02-21 18:01:41', '2024-02-21 18:01:41'),
(10, NULL, 1, 1, 1, NULL, NULL, 'Émotions', 'Ces mots décrivent une gamme d\'émotions et de sentiments que les gens peuvent ressentir dans différentes situations de la vie quotidienne.', 10, 1, 5, 0, 0, '2024-02-21 18:04:12', '2024-02-21 18:04:12'),
(11, NULL, 1, 1, 1, NULL, NULL, 'Meubles', 'Ces mots désignent des articles de mobilier couramment trouvés dans les maisons et les espaces de vie pour fournir confort et fonctionnalité.', 10, 1, 5, 0, 0, '2024-02-21 18:14:12', '2024-02-21 18:14:12'),
(16, NULL, 1, 1, 1, NULL, NULL, 'Les phénomènes naturels', 'Voici une liste de mots anglais pour désigner différents phénomènes naturels.', 10, 1, 5, 0, 0, '2024-02-28 11:13:32', '2024-02-28 11:13:32'),
(14, NULL, 1, 1, 1, NULL, NULL, 'La météo', 'Cette liste comprend des mots anglais liés aux conditions météorologiques.', 10, 1, 5, 0, 0, '2024-02-28 10:59:57', '2024-02-28 10:59:57'),
(15, NULL, 1, 1, 1, NULL, NULL, 'Les instruments de musique', 'Cette liste comprend des mots anglais pour désigner différents instruments de musique.', 10, 1, 5, 0, 0, '2024-02-28 11:11:19', '2024-02-28 11:11:19'),
(17, NULL, 1, 1, 1, NULL, NULL, 'Les activités artistiques', 'Cette liste comprend des mots anglais pour désigner différentes activités artistiques.', 10, 1, 5, 0, 0, '2024-02-28 11:15:53', '2024-02-28 11:15:53'),
(18, NULL, 1, 1, 1, NULL, NULL, 'Les éléments de la technologie', 'Cette liste comprend des mots anglais pour désigner différents éléments de la technologie.', 10, 1, 5, 0, 0, '2024-02-28 11:23:51', '2024-02-28 11:23:51'),
(19, NULL, 1, 1, 1, NULL, NULL, 'Les activités en plein air', 'Voici une liste de mots anglais pour désigner différentes activités que l\'on peut pratiquer en plein air.', 10, 1, 5, 0, 0, '2024-02-28 11:27:08', '2024-02-28 11:27:08'),
(20, NULL, 1, 1, 1, NULL, NULL, 'Les éléments de la cuisine', 'Voici une liste de mots anglais pour désigner différents éléments et équipements de cuisine.', 10, 1, 5, 0, 0, '2024-02-28 11:30:39', '2024-02-28 11:30:39'),
(21, NULL, 1, 1, 1, NULL, NULL, 'Les éléments de la plage', 'Cette liste comprend des mots anglais pour désigner différents éléments que l\'on trouve sur une plage.', 10, 1, 5, 0, 0, '2024-02-28 11:33:38', '2024-02-28 11:33:38'),
(22, NULL, 1, 1, 1, NULL, NULL, 'Les éléments de la salle de bain', 'Cette liste comprend des mots anglais pour désigner différents éléments que l\'on trouve dans une salle de bain.', 10, 1, 5, 0, 0, '2024-02-28 11:35:52', '2024-02-28 11:35:52'),
(23, NULL, 2, 2, 1, NULL, NULL, 'Les éléments de la chambre', 'Cette liste comprend des mots anglais pour désigner différents éléments que l\'on trouve dans une chambre.', 10, 1, 5, 0, 0, '2024-02-28 11:38:00', '2024-02-28 11:38:00'),
(24, NULL, 3, 3, 1, NULL, NULL, 'Les éléments de la salle de séjour', 'Cette liste comprend des mots anglais pour désigner différents éléments que l\'on trouve dans une salle de séjour.', 10, 1, 5, 0, 0, '2024-02-28 11:40:07', '2024-02-28 11:40:07'),
(25, NULL, 4, 4, 1, NULL, NULL, 'Les éléments de la salle à manger', 'Cette liste comprend des mots anglais pour désigner différents éléments que l\'on trouve dans une salle à manger.', 10, 1, 5, 0, 0, '2024-02-28 11:42:14', '2024-02-28 11:42:14'),
(26, NULL, 5, 5, 1, NULL, NULL, 'Les éléments de la salle de classe', 'Cette liste comprend des mots anglais pour désigner différents éléments que l\'on trouve dans une salle de classe.', 10, 1, 5, 0, 0, '2024-02-28 11:44:21', '2024-02-28 11:44:21'),
(27, NULL, 6, 6, 1, NULL, NULL, 'Les éléments de la salle de sport', 'Cette liste comprend des mots anglais pour désigner différents éléments que l\'on trouve dans une salle de sport.', 10, 1, 5, 0, 0, '2024-02-28 11:46:28', '2024-02-28 11:46:28'),
(28, NULL, 7, 7, 1, NULL, NULL, 'Les éléments de la salle de réunion', 'Cette liste comprend des mots anglais pour désigner différents éléments que l\'on trouve dans une salle de réunion.', 10, 1, 5, 0, 0, '2024-02-28 11:48:35', '2024-02-28 11:48:35'),
(29, NULL, 8, 8, 1, NULL, NULL, 'Les éléments de la salle de conférence', 'Cette liste comprend des mots anglais pour désigner différents éléments que l\'on trouve dans une salle de conférence.', 10, 1, 5, 0, 0, '2024-02-28 11:50:42', '2024-02-28 11:50:42'),
(30, NULL, 9, 9, 1, NULL, NULL, 'Les éléments de la salle de concert', 'Cette liste comprend des mots anglais pour désigner différents éléments que l\'on trouve dans une salle de concert.', 10, 1, 5, 0, 0, '2024-02-28 11:52:49', '2024-02-28 11:52:49'),
(31, NULL, 10, 10, 1, NULL, NULL, 'Les éléments de la salle de cinéma', 'Cette liste comprend des mots anglais pour désigner différents éléments que l\'on trouve dans une salle de cinéma.', 10, 1, 5, 0, 0, '2024-02-28 11:54:56', '2024-02-28 11:54:56'),
(32, NULL, 11, 11, 1, NULL, NULL, 'Les éléments de la salle de théâtre', 'Cette liste comprend des mots anglais pour désigner différents éléments que l\'on trouve dans une salle de théâtre.', 10, 1, 5, 0, 0, '2024-02-28 11:57:03', '2024-02-28 11:57:03'),
(33, NULL, 12, 12, 1, NULL, NULL, 'Les éléments de la salle de spectacle', 'Cette liste comprend des mots anglais pour désigner différents éléments que l\'on trouve dans une salle de spectacle.', 10, 1, 5, 0, 0, '2024-02-28 11:59:10', '2024-02-28 11:59:10'),
(34, NULL, 13, 13, 1, NULL, NULL, 'Les éléments de la salle de fête', 'Cette liste comprend des mots anglais pour désigner différents éléments que l\'on trouve dans une salle de fête.', 10, 1, 5, 0, 0, '2024-02-28 12:01:17', '2024-02-28 12:01:17');

-- --------------------------------------------------------

--
-- Table structure for table `list_content`
--

DROP TABLE IF EXISTS `list_content`;
CREATE TABLE IF NOT EXISTS `list_content` (
  `id` int NOT NULL AUTO_INCREMENT,
  `list_id` int NOT NULL,
  `word` varchar(100) NOT NULL,
  `word_type` varchar(100) CHARACTER SET latin1 COLLATE latin1_swedish_ci NOT NULL,
  `examples` varchar(2500) CHARACTER SET latin1 COLLATE latin1_swedish_ci NOT NULL,
  `trans_word` varchar(100) NOT NULL,
  `trans_examples` varchar(2500) CHARACTER SET latin1 COLLATE latin1_swedish_ci NOT NULL,
  PRIMARY KEY (`id`)
) ENGINE=MyISAM AUTO_INCREMENT=478 DEFAULT CHARSET=latin1;

--
-- Dumping data for table `list_content`
--

INSERT INTO `list_content` (`id`, `list_id`, `word`, `word_type`, `examples`, `trans_word`, `trans_examples`) VALUES
(1, 1, 'cat', 'noun', '[\"Have you got a cat?\", \"to let the cat out of the bag\", \"curiosity killed the cat\", \"to look like sth the cat dragged in\", \"to play cat and mouse with sb\", \"to put the cat among the pigeons\", \"there\'s no room to swing a cat\"]', 'chat', '[\"Est-ce que tu as un chat?\", \"vendre la m\\u00e8che\", \"la curiosit\\u00e9 est toujours punie\", \"\\u00eatre dans un \\u00e9tat lamentable\", \"jouer au chat et \\u00e0 la souris avec qn\", \"jeter un pav\\u00e9 dans la mare\", \"on ne peut pas se tourner\"]'),
(2, 1, 'dog', 'noun', '[\"Have you got a dog?\", \"a dog\'s dinner\", \"to be a dog\'s dinner\", \"dog eat dog\", \"It\'s dog eat dog in this profession.\", \"the dog-eat-dog world of film\", \"to let sleeping dogs lie\", \"to go to the dogs\"]', 'chien', '[\"Est-ce que tu as un chien?\", \"le foutoir ()\", \"\\u00eatre le foutoir ()\", \"C\'est une profession o\\u00f9 la concurrence est f\\u00e9roce.\", \"l\'univers impitoyable du cin\\u00e9ma\", \"ne pas r\\u00e9veiller le chat qui dort\", \"aller \\u00e0 vau-l\'eau\"]'),
(3, 1, 'bird', 'noun', '[\"a bird in the hand is worth two in the bush\", \"to kill two birds with one stone\", \"to tell sb about the birds and the bees\", \"birds of a feather flock together\"]', 'oiseau', '[\"un tiens vaut mieux que deux tu l\'auras\", \"faire d\'une pierre deux coups\", \"expliquer \\u00e0 qn que les b\\u00e9b\\u00e9s ne naissent pas dans les choux\", \"qui se ressemble s\'assemble\"]'),
(4, 1, 'fish', 'noun', '[\"a fish\", \"I caught three fish.\", \"to feel like a fish out of water\", \"there are plenty more fish in the sea\"]', 'poisson', '[\"un poisson\", \"J\'ai p\\u00each\\u00e9 trois poissons.\", \"\\u00eatre comme un poisson hors de l\'eau\", \"un(e), (e),  (retrouv\\u00e9es)\"]'),
(5, 1, 'rabbit', 'noun', '[\"a female rabbit\"]', 'lapin', '[\"une lapine\"]'),
(6, 1, 'snake', 'noun', '[]', 'serpent', '[]'),
(7, 1, 'lion', 'noun', '[]', 'lion', '[]'),
(8, 1, 'tiger', 'noun', '[]', 'tigre', '[]'),
(9, 1, 'horse', 'noun', '[\"to hear sth from the horse\'s mouth\"]', 'cheval', '[\"savoir qch de source s\\u00fbre\"]'),
(10, 1, 'cow', 'noun', '[\"to do sth until the cows come home\"]', 'vache', '[\"faire qch jusqu\'\\u00e0 la saint-glinglin ()\"]'),
(11, 1, 'chicken', 'noun', '[\"to count one\'s chickens\", \"to count one\'s chickens before they\'re hatched\", \"it\'s a chicken and egg situation\", \"to run round like a headless chicken\"]', 'poulet', '[\"vendre la peau de l\'ours\", \"vendre la peau de l\'ours avant de l\'avoir tu\\u00e9\", \"c\'est l\'histoire de l\'\\u0153uf et de la poule\", \"courir dans tous les sens\"]'),
(12, 1, 'sheep', 'noun', '[]', 'mouton', '[]'),
(13, 1, 'duck', 'noun', '[\"like water off a duck\'s back\"]', 'canard', '[\"comme l\'eau sur le dos d\'un canard\"]'),
(14, 1, 'turtle', 'noun', '[]', 'tortue', '[]'),
(15, 1, 'squirrel', 'noun', '[]', 'écureuil', '[]'),
(16, 2, 'apple', 'noun', '[\"he\'s the apple of her eye\"]', 'pomme', '[\"Elle tient \\u00e0 lui comme \\u00e0 la prunelle de ses yeux\"]'),
(17, 2, 'banana', 'noun', '[\"a bunch of bananas\"]', 'banane', '[\"un r\\u00e9gime de bananes\"]'),
(18, 2, 'bread', 'noun', '[\"brown bread\", \"white bread\", \"to know which side one\'s bread is buttered\", \"to earn one\'s daily bread\", \"a loaf of bread\"]', 'pain', '[\"pain m\", \"pain m\", \"savoir o\\u00f9 est son int\\u00e9r\\u00eat\", \"gagner son pain\", \"un pain\"]'),
(19, 2, 'cheese', 'noun', '[\"say cheese!\"]', 'fromage', '[\"souriez!\"]'),
(20, 2, 'tomato', 'noun', '[]', 'tomate', '[]'),
(21, 2, 'chicken', 'noun', '[\"to count one\'s chickens\", \"to count one\'s chickens before they\'re hatched\", \"it\'s a chicken and egg situation\", \"to run round like a headless chicken\"]', 'poulet', '[\"vendre la peau de l\'ours\", \"vendre la peau de l\'ours avant de l\'avoir tu\\u00e9\", \"c\'est l\'histoire de l\'\\u0153uf et de la poule\", \"courir dans tous les sens\"]'),
(22, 2, 'rice', 'noun', '[]', 'riz', '[]'),
(23, 2, 'pasta', 'noun', '[\"Pasta is easy to cook.\"]', 'pâtes', '[\"Les p\\u00e2tes sont faciles \\u00e0 pr\\u00e9parer.\"]'),
(24, 2, 'carrot', 'noun', '[]', 'carotte', '[]'),
(25, 2, 'salad', 'noun', '[\"tomato salad\", \"green salad\"]', 'salade', '[\"salade de tomates\", \"salade verte\"]'),
(26, 2, 'yogurt', 'noun', '[]', 'yaourt', '[]'),
(27, 2, 'chocolate', 'noun', '[]', 'chocolat', '[]'),
(28, 2, 'hamburger', 'noun', '[]', 'hamburger', '[]'),
(29, 2, 'pizza', 'noun', '[]', 'pizza', '[]'),
(30, 2, 'strawberry', 'noun', '[\"strawberries and cream\"]', 'fraise', '[\"des fraises \\u00e0 la cr\\u00e8me\"]'),
(31, 2, 'cherry', 'noun', '[]', 'cerise', '[]'),
(32, 2, 'milk', 'noun', '[\"tea with milk\"]', 'lait', '[\"du th\\u00e9 au lait\"]'),
(33, 2, 'juice', 'noun', '[\"orange juice\"]', 'jus', '[\"jus d\'orange\"]'),
(34, 3, 'red', 'noun', '[\"to be in the red\", \"to see red\"]', 'rouge', '[\"\\u00eatre \\u00e0 d\\u00e9couvert\", \"\\u00eatre en d\\u00e9ficit\", \"voir rouge\"]'),
(35, 3, 'blue', 'adjective', '[\"a blue dress\", \"to have blue eyes\", \"once in a blue moon\"]', 'bleu', '[\"une robe bleue\", \"avoir les yeux bleus\", \"tous les trente-six du mois\"]'),
(36, 3, 'green', 'adjective', '[\"a green car\", \"to be green with envy\"]', 'vert', '[\"une voiture verte\", \"\\u00eatre vert(e)\"]'),
(37, 3, 'yellow', 'adjective', '[]', 'jaune', '[]'),
(38, 3, 'orange', 'noun', '[]', 'orange', '[]'),
(39, 3, 'pink', 'adjective', '[\"deep pink flowers\", \"The dress is pale pink.\", \"to turn pink\", \"to go pink\", \"She went pink as she remembered her mistake.\"]', 'rose', '[\"des fleurs d\'un rose profond\", \"La robe est rose p\\u00e2le.\", \"rosir\", \"rosir\", \"Elle rosit en se rem\\u00e9morant son erreur.\"]'),
(40, 3, 'black', 'adjective', '[\"a black jacket\", \"to paint sth black\", \"a black look\"]', 'noir(e)', '[\"une veste noire\", \"peindre qch en noir\", \"un regard noir\"]'),
(41, 3, 'white', 'adjective', '[\"He\'s got white hair.\", \"a white shirt\", \"fluffy white clouds\", \"the land of the long white cloud\", \"to turn white\", \"to paint sth white\"]', 'blanc', '[\"Il a les cheveux blancs.\", \"une chemise blanche\", \"de blancs nuages moutonneux\", \"le pays du long nuage blanc\", \"blanchir\", \"peindre qch en blanc\"]'),
(42, 3, 'brown', 'adjective', '[]', 'brun', '[]'),
(43, 3, 'silver', 'noun', '[\"solid silver\"]', 'argent', '[\"argent massif\"]'),
(44, 3, 'beige', 'adjective', '[]', 'beige', '[]'),
(45, 4, 'shirt', 'noun', '[]', 'chemise', '[]'),
(46, 4, 'pants', 'plural noun', '[\"a pair of pants\", \"to bore the pants off sb\", \"to scare the pants off sb\", \"to fly by the seat of one\'s pants\"]', 'pantalon', '[\"un pantalon\", \"barber qn ()\", \"faire une peur bleue \\u00e0 qn\", \"fonctionner \\u00e0 l\'intuition\"]'),
(47, 4, 'skirt', 'noun', '[]', 'jupe', '[]'),
(48, 4, 'dress', 'noun', '[]', 'robe', '[]'),
(49, 4, 'tie', 'noun', '[]', 'cravate', '[]'),
(50, 4, 'coat', 'noun', '[\"a warm coat\"]', 'manteau', '[\"un manteau chaud\"]'),
(51, 4, 'sweater', 'noun', '[]', 'pull', '[]'),
(52, 4, 'belt', 'noun', '[\"to tighten one\'s belt\", \"to have sth under one\'s belt\", \"that was below the belt!\"]', 'ceinture', '[\"se serrer la ceinture\", \"avoir qch \\u00e0 son actif\", \"quel coup bas!\"]'),
(53, 4, 'swimsuit', 'noun', '[]', 'maillot', '[]'),
(54, 4, 'hat', 'noun', '[\"to keep sth under one\'s hat\", \"at the drop of a hat\", \"to be old hat\", \"to take one\'s hat off to sb\", \"hats off to her!\", \"to talk through one\'s hat\", \"to pass the hat round\"]', 'chapeau', '[\"garder qch pour soi\", \"sans h\\u00e9siter\", \"\\u00eatre d\\u00e9pass\\u00e9(e)\", \"tirer son chapeau \\u00e0 qn\", \"je lui tire mon chapeau!\", \"parler \\u00e0 tort et \\u00e0 travers\", \"faire la qu\\u00eate\"]'),
(55, 4, 'bathrobe', 'noun', '[]', 'peignoir', '[]'),
(56, 4, 'tights', 'plural noun', '[\"a pair of tights\"]', 'collant', '[\"un collant\"]'),
(57, 5, 'car', 'noun', '[\"by car\", \"to go by car\", \"We went by car.\"]', 'voiture', '[\"en voiture\", \"aller en voiture\", \"Nous y sommes all\\u00e9s en voiture.\"]'),
(58, 5, 'plane', 'noun', '[\"by plane\"]', 'avion', '[\"en avion\"]'),
(59, 5, 'train', 'noun', '[\"to go by train\", \"to catch the train\"]', 'train', '[\"voyager par le train\", \"prendre le train\"]'),
(60, 5, 'bus', 'noun', '[\"by bus\", \"to miss the bus\", \"the school bus\"]', 'bus', '[\"en bus\", \"manquer le bus\", \"manquer le coche\", \"le bus scolaire\"]'),
(61, 5, 'bicycle', 'noun', '[\"to ride a bicycle\"]', 'bicyclette', '[\"faire de la bicyclette\"]'),
(62, 5, 'motorcycle', 'noun', '[]', 'moto', '[]'),
(63, 5, 'boat', 'noun', '[\"to go by boat\", \"to be in the same boat\", \"to be in the same boat as sb\", \"to rock the boat\", \"to miss the boat\", \"to push the boat out\"]', 'bateau', '[\"aller en bateau\", \"prendre le bateau\", \"\\u00eatre log\\u00e9(e)\", \"\\u00eatre log\\u00e9(e)\", \"faire des histoires\", \"rater le coche\", \"faire les choses en grand\"]'),
(64, 5, 'subway', 'noun', '[]', 'métro', '[]'),
(65, 5, 'helicopter', 'noun', '[]', 'hélicoptère', '[]'),
(66, 5, 'truck', 'noun', '[]', 'camion', '[]'),
(67, 5, 'taxi', 'noun', '[]', 'taxi', '[]'),
(68, 5, 'scooter', 'noun', '[]', 'scooter', '[]'),
(69, 5, 'shuttle', 'noun', '[]', 'navette', '[]'),
(70, 5, 'ferry', 'noun', '[]', 'ferry', '[]'),
(71, 5, 'cart', 'noun', '[\"to put the cart before the horse\"]', 'charrette', '[\"mettre la charrue avant les b\\u0153ufs\"]'),
(72, 5, 'monorail', 'noun', '[]', 'monorail', '[]'),
(73, 5, 'carriage', 'noun', '[]', 'voiture', '[]'),
(74, 6, 'doctor', 'noun', '[\"She\'s a doctor.\", \"I\'d like to be a doctor.\", \"at the doctor\'s\", \"to go to the doctor\'s\", \"Doctor Paige\", \"doctor\'s surgery\"]', 'médecin ', '[\"Elle est m\\u00e9decin.\", \"Je voudrais \\u00eatre m\\u00e9decin.\", \"chez le m\\u00e9decin\", \"aller chez le m\\u00e9decin\", \"Le docteur Paige\", \"cabinet m\"]'),
(75, 6, 'police-officer', 'noun', '[]', 'agent ', '[]'),
(76, 6, 'lawyer', 'noun', '[\"My mother\'s a lawyer.\"]', 'avocat', '[\"Ma m\\u00e8re est avocate.\"]'),
(77, 6, 'waiter', 'noun', '[]', 'serveur', '[]'),
(78, 6, 'plumber', 'noun', '[\"He\'s a plumber.\"]', 'plombier', '[\"Il est plombier.\"]'),
(79, 6, 'engineer', 'noun', '[\"He\'s an engineer.\"]', 'ingénieur ', '[\"Il est ing\\u00e9nieur.\"]'),
(80, 6, 'artist', 'noun', '[\"She\'s an artist.\"]', 'artiste ', '[\"C\'est une artiste.\"]'),
(81, 6, 'writer', 'noun', '[\"She\'s a writer.\"]', 'écrivain', '[\"Elle est \\u00e9crivain.\"]'),
(82, 6, 'farmer', 'noun', '[\"He\'s a farmer.\"]', 'fermier', '[\"Il est agriculteur.\"]'),
(83, 6, 'baker', 'noun', '[\"He\'s a baker.\"]', 'boulanger', '[\"Il est boulanger.\"]'),
(84, 6, 'nurse', 'noun', '[\"She\'s a nurse.\"]', 'infirmier', '[\"Elle est infirmi\\u00e8re.\"]'),
(85, 6, 'architect', 'noun', '[\"She\'s an architect.\"]', 'architecte', '[\"Elle est architecte.\"]'),
(86, 6, 'veterinarian', 'noun', '[]', 'vétérinaire ', '[]'),
(87, 6, 'actor', 'noun', '[\"He is an actor.\", \"He is a well-known actor.\"]', 'acteur', '[\"Il est acteur.\", \"Il est un acteur connu.\"]'),
(88, 6, 'astronaut', 'noun', '[]', 'astronaute ', '[]'),
(89, 6, 'dancer', 'noun', '[\"to be a good dancer\", \"He is not a very good dancer.\"]', 'danseur', '[\"\\u00eatre un(e),  (bonne), (\\u2011euse)\", \"Il n\'est pas tr\\u00e8s bon danseur.\"]'),
(90, 7, 'head', 'noun', '[\"a shaved head\", \"to shake one\'s head\", \"head first\", \"He fell head first into the river.\", \"from head to foot\", \"to go head over heels\", \"to fall head over heels\", \"to be head over heels in love\", \"to laugh one\'s head off\", \"to scream one\'s head off\", \"to stand on one\'s head\", \"to give sb their head\", \"to bang people\'s heads together\", \"heads are going to roll\", \"on your own head be it!\", \"to knock sth on the head\", \"to rear its ugly head\", \"to go to sb\'s head\", \"The wine went to my head.\", \"to keep one\'s head above water\", \"to bite sb\'s head off\", \"to stand sth on its head\"]', 'tête', '[\"un cr\\u00e2ne ras\\u00e9\", \"hocher la t\\u00eate\", \"la t\\u00eate la premi\\u00e8re\", \"Il est tomb\\u00e9 la t\\u00eate la premi\\u00e8re dans la rivi\\u00e8re.\", \"de la t\\u00eate aux pieds\", \"tomber \\u00e0 la renverse\", \"tomber follement amoureux(\\u2011euse)\", \"\\u00eatre follement amoureux(\\u2011euse)\", \"rire aux \\u00e9clats\", \"crier \\u00e0 tue-t\\u00eate\", \"faire le poirier\", \"l\\u00e2cher la bride \\u00e0 qn\", \"en prendre un pour taper sur l\'autre\", \"des t\\u00eates vont tomber\", \"\\u00e0 vos risques et p\\u00e9rils!\", \"laisser tomber qch\", \"faire sa r\\u00e9apparition\", \"monter \\u00e0 la t\\u00eate de qn\", \"Le vin m\'est mont\\u00e9 \\u00e0 la t\\u00eate.\", \"monter \\u00e0 la t\\u00eate de qn\", \"se maintenir \\u00e0 flot\", \"rembarrer qn\", \"prendre le contre-pied de qch\"]'),
(91, 7, 'arms', 'plural noun', '[\"to bear arms\", \"our right to bear arms\", \"to lay down one\'s arms\", \"to take up arms\", \"to be under arms\", \"to be up in arms\"]', 'armes', '[\"porter des armes\", \"notre droit de porter des armes\", \"d\\u00e9poser les armes\", \"prendre les armes\", \"\\u00eatre sous les armes\", \"s\'insurger\"]'),
(92, 7, 'leg', 'noun', '[]', 'pied', '[]'),
(93, 7, 'leg', 'noun', '[\"leg of lamb\"]', 'cuisse', '[\"gigot m\"]'),
(94, 7, 'hand', 'noun', '[\"to have sth in one\'s hand\", \"to be on one\'s hands and knees\", \"to join hands\", \"to hold hands\", \"We were holding hands.\", \"hand in hand\", \"to hold sb\'s hand\", \"to force sb\'s hand\", \"to have a free hand\", \"my hands are tied\", \"to throw up one\'s hands\", \"to make money hand over fist\", \"to lose money hand over fist\", \"to win hands down\"]', 'main', '[\"tenir qch \\u00e0 la main\", \"\\u00eatre \\u00e0 quatre pattes\", \"se donner la main\", \"se donner la main\", \"Nous nous donnions la main.\", \"main dans la main\", \"encourager qn\", \"forcer la main \\u00e0 qn\", \"avoir carte blanche\", \"j\'ai les mains li\\u00e9es\", \"lever les bras au ciel\", \"gagner une fortune\", \"perdre des sommes d\'argent ph\\u00e9nom\\u00e9nales\", \"gagner haut la main\"]'),
(95, 7, 'finger', 'noun', '[\"my little finger\", \"to have a ring on one\'s finger\", \"to lay a finger on sb\", \"I\'ve never laid a finger on either of the kids.\", \"to never lift a finger\", \"He never lifts a finger.\", \"No one lifted a finger to help them.\", \"to keep one\'s fingers crossed\", \"to point the finger at sb\", \"to point the finger of suspicion at sb\", \"to point the finger of blame at sb\", \"to put one\'s finger on sth\", \"to get one\'s fingers burned\", \"to have a finger in every pie\", \"to get one\'s finger out\", \"to slip through sb\'s fingers\"]', 'doigt', '[\"mon petit doigt\", \"porter une bague\", \"Je n\'ai jamais lev\\u00e9 la main sur aucun des enfants.\", \"Il ne l\\u00e8ve jamais le petit doigt.\", \"Personne n\'a lev\\u00e9 le petit doigt pour les aider.\", \"croiser les doigts\", \"montrer qn du doigt\", \"faire peser des soup\\u00e7ons sur qn\", \"faire porter le bl\\u00e2me \\u00e0 qn\", \"mettre le doigt sur qch\", \"se br\\u00fbler les doigts\", \"toucher \\u00e0 tout\", \"se remuer\", \"glisser entre les doigts de qn\", \"filer entre les doigts de qn\"]'),
(96, 7, 'ear', 'noun', '[\"the golden ring he wore in one ear\", \"to have an ear for music\", \"to have an ear for languages\", \"up to one\'s ears in debt\", \"to be up to one\'s ears in work\", \"to play by ear\", \"to play it by ear\", \"to be all ears\", \"to bend sb\'s ear\", \"to box sb\'s ears\", \"to fall on deaf ears\", \"to turn a deaf ear to sth\", \"to keep one\'s ear to the ground\", \"to listen to sth/sb with only half an ear\", \"to lend an ear to sb\", \"to go in one ear and out the other\", \"out on one\'s ear\"]', 'oreille', '[\"l\'anneau en or qu\'il portait \\u00e0 l\'oreille\", \"avoir l\'oreille musicale\", \"avoir de l\'oreille pour les langues\", \"endett\\u00e9(e)\", \"avoir du travail par-dessus la t\\u00eate\", \"jouer d\'oreille\", \"improviser le moment venu\", \"\\u00eatre tout oreilles\", \"rebattre les oreilles de qn ()\", \"gifler qn\", \"ne pas \\u00eatre entendu(e)\", \"faire la sourde oreille \\u00e0 qch\", \"se tenir au courant\", \"n\'\\u00e9couter qch/qn que d\'une oreille\", \"pr\\u00eater une oreille attentive \\u00e0 qn\", \"entrer par une oreille et sortir par l\'autre\", \"vir\\u00e9(e)\"]'),
(97, 7, 'eye', 'noun', '[\"I\'ve got green eyes.\", \"as far as the eye can see\", \"to keep an eye on sth\", \"to keep an eye on sb\", \"to take one\'s eye off sth\", \"to have an eye for sth\", \"in the public eye\", \"to keep sb/sth out of the public eye\", \"with an eye to doing sth\", \"there\'s more to this than meets the eye\", \"to look at sth with a critical eye\", \"to turn a critical eye on sth\", \"before one\'s eyes\", \"to catch sb\'s eye\"]', 'œil', '[\"J\'ai les yeux verts.\", \"\\u00e0 perte de vue\", \"surveiller qch\", \"surveiller qn\", \"d\\u00e9tacher son regard de qch\", \"avoir l\'\\u0153il pour qch\", \"en vue\", \"ne pas exposer qn/qch\", \"en vue de faire qch\", \"ce n\'est pas aussi simple que cela para\\u00eet\", \"regarder qch d\'un \\u0153il critique\", \"porter un regard critique sur qch\", \"sous ses yeux\", \"attirer l\'attention de qn\"]'),
(98, 7, 'nose', 'noun', '[\"to wipe one\'s nose\", \"just follow your nose\", \"to be happening under sb\'s nose\", \"to get up sb\'s nose\", \"to keep one\'s nose clean\", \"to look down one\'s nose at sb\", \"to look down one\'s nose at sth\", \"to pay through the nose for sth\", \"to poke one\'s nose into sth\", \"Why did you have to stick your nose in?\", \"to turn one\'s nose up at sth\", \"to thumb one\'s nose at sb\"]', 'nez', '[\"se moucher\", \"continuez tout droit\", \"suivez votre instinct\", \"se passer sous le nez de qn\", \"taper sur les nerfs \\u00e0 qn\", \"se tenir \\u00e0 carreau\", \"traiter qn de haut\", \"consid\\u00e9rer qch avec m\\u00e9pris\", \"payer qch la peau des fesses\", \"fourrer son nez dans qch\", \"Il a fallu que tu te m\\u00eales de ce qui ne te regardait pas!\", \"faire la fine bouche devant qch\", \"faire un pied de nez \\u00e0 qn\"]'),
(99, 7, 'mouth', 'noun', '[\"to keep one\'s mouth shut\", \"to open one\'s mouth\", \"I hardly dared open my mouth.\", \"to have mouths to feed\", \"She\'s got four mouths to feed.\", \"to have a loud mouth\"]', 'bouche', '[\"ne rien dire\", \"J\'osais \\u00e0 peine parler.\", \"Elle \\u00e0 quatre bouches \\u00e0 nourrir.\", \"\\u00eatre une grande gueule\"]'),
(100, 7, 'shoulder', 'noun', '[\"She had her arm round his shoulder.\", \"He had his bag over his shoulder.\", \"on one\'s shoulders\", \"He carried the child on his shoulders.\", \"He has a heavy burden on his shoulders.\", \"to look over one\'s shoulder\", \"to stand shoulder to shoulder\", \"a shoulder to cry on\", \"to stand head and shoulders above sb\", \"She stands head and shoulders above him.\", \"to stand head and shoulders above sth\", \"to give sb the cold shoulder\"]', 'épaule', '[\"Elle le tenait par l\'\\u00e9paule.\", \"Il tenait son sac en bandouli\\u00e8re.\", \"sur ses \\u00e9paules\", \"Il portait l\'enfant sur ses \\u00e9paules.\", \"sur ses \\u00e9paules\", \"Il porte un lourd fardeau sur ses \\u00e9paules.\", \"regarder derri\\u00e8re soi (en tournant la t\\u00eate)\", \"se sentir menac\\u00e9(e)\", \"\\u00eatre coude \\u00e0 coude\", \"se serrer les coudes\", \"une oreille \\u00e0 qui se confier\", \"d\\u00e9passer qn de la t\\u00eate et des \\u00e9paules\", \"\\u00eatre bien meilleur(e)\", \"Il ne lui arrive pas \\u00e0 la cheville.\", \"\\u00eatre bien meilleur(e)\", \"battre froid \\u00e0 qn\"]'),
(101, 7, 'back', 'noun', '[\"to do sth behind sb\'s back\", \"to turn one\'s back on sb/sth\", \"to have one\'s back to the wall\", \"to break the back of a job\", \"to get sb\'s back up\", \"to get off sb\'s back\", \"to be glad to see the back of sb\"]', 'dos', '[\"faire qch derri\\u00e8re le dos de qn\", \"tourner le dos \\u00e0 qn/qch\", \"\\u00eatre au pied du mur\", \"faire le gros d\'un travail\", \"h\\u00e9risser qn\", \"ficher ()\", \"\\u00eatre content(e)\"]'),
(102, 7, 'stomach', 'noun', '[\"on an empty stomach\"]', 'estomac', '[\"le ventre vide\"]'),
(103, 7, 'chest', 'noun', '[\"to get sth off one\'s chest\"]', 'poitrine', '[\"vider son sac\"]'),
(104, 7, 'knee', 'noun', '[\"He had grazed his knee.\", \"The woman got up off her knees and went over to him.\", \"to be on one\'s knees\", \"He was on his knees.\", \"to sit on sb\'s knee\", \"to fall to one\'s knees\", \"to bring sth to its knees\"]', 'genou', '[\"Il s\'est \\u00e9gratign\\u00e9 le genou.\", \"La femme agenouill\\u00e9e se leva et vint le voir.\", \"\\u00eatre \\u00e0 genoux\", \"Il \\u00e9tait \\u00e0 genoux.\", \"s\'asseoir sur les genoux de qn\", \"tomber \\u00e0 genoux\", \"mettre qch \\u00e0 genoux\"]'),
(105, 7, 'toe', 'noun', '[\"big toe\", \"little toe\", \"to keep sb on their toes\", \"just to keep us on our toes\", \"to tread on sb\'s toes\", \"to dip one\'s toes in sth\"]', 'orteil', '[\"gros orteil m\", \"petit orteil m\", \"maintenir qn sur ses gardes\", \"juste pour que nous restions sur nos gardes\", \"marcher sur les pieds de qn\", \"prendre la temp\\u00e9rature de qch\"]'),
(106, 8, 'apple', 'noun', '[\"he\'s the apple of her eye\"]', 'pomme', '[\"Elle tient \\u00e0 lui comme \\u00e0 la prunelle de ses yeux\"]'),
(107, 8, 'banana', 'noun', '[\"a bunch of bananas\"]', 'banane', '[\"un r\\u00e9gime de bananes\"]'),
(108, 8, 'orange', 'noun', '[]', 'orange', '[]'),
(109, 8, 'strawberry', 'noun', '[\"strawberries and cream\"]', 'fraise', '[\"des fraises \\u00e0 la cr\\u00e8me\"]'),
(110, 8, 'grape', 'noun', '[\"a bunch of grapes\", \"sour grapes\"]', 'raisin', '[\"une grappe de raisin\", \"jalousie\"]'),
(111, 8, 'lemon', 'noun', '[\"a slice of lemon\"]', 'citron', '[\"une tranche de citron\"]'),
(112, 8, 'kiwi', 'noun', '[]', 'kiwi', '[]'),
(113, 8, 'pineapple', 'noun', '[]', 'ananas', '[]'),
(114, 8, 'mango', 'noun', '[]', 'mangue', '[]'),
(115, 8, 'watermelon', 'noun', '[]', 'pastèque', '[]'),
(116, 8, 'peach', 'noun', '[]', 'pêche', '[]'),
(117, 8, 'pear', 'noun', '[]', 'poire', '[]'),
(118, 8, 'cherry', 'noun', '[]', 'cerise', '[]'),
(119, 8, 'raspberry', 'noun', '[\"to blow a raspberry\"]', 'framboise', '[\"faire un bruit de pet\"]'),
(120, 8, 'melon', 'noun', '[]', 'melon', '[]'),
(121, 8, 'apricot', 'noun', '[]', 'abricot', '[]'),
(122, 8, 'fig', 'noun', '[\"I don\'t care a fig\"]', 'figue', '[\"je m\'en fiche\"]'),
(123, 8, 'plum', 'noun', '[]', 'prune', '[]'),
(124, 8, 'pomegranate', 'noun', '[]', 'grenade', '[]'),
(125, 8, 'coconut', 'noun', '[]', 'noix', '[]'),
(126, 9, 'carrot', 'noun', '[]', 'carotte', '[]'),
(127, 9, 'potato', 'noun', '[\"boiled potatoes\", \"a hot potato\"]', 'pomme', '[\"pommes de terre bouillies\", \"une patate chaude\"]'),
(128, 9, 'cucumber', 'noun', '[\"to be cool as a cucumber\"]', 'concombre', '[\"faire preuve d\'un calme olympien\"]'),
(129, 9, 'bell-pepper', 'noun', '[]', 'poivron', '[]'),
(130, 9, 'onion', 'noun', '[\"to know one\'s onions\"]', 'oignon', '[\"s\'y conna\\u00eetre\"]'),
(131, 9, 'garlic', 'noun', '[]', 'ail', '[]'),
(132, 9, 'broccoli', 'noun', '[]', 'brocoli', '[]'),
(133, 9, 'cabbage', 'noun', '[]', 'chou', '[]'),
(134, 9, 'lettuce', 'noun', '[]', 'salade', '[]'),
(135, 9, 'spinach', 'noun', '[]', 'épinard', '[]'),
(136, 9, 'bean', 'noun', '[\"green beans\", \"to be full of beans\", \"to spill the beans\"]', 'haricot', '[\"haricots mpl\", \"p\\u00e9ter le feu ()\", \"vendre la m\\u00e8che ()\"]'),
(137, 9, 'zucchini', 'noun', '[]', 'courgette', '[]'),
(138, 9, 'radish', 'noun', '[]', 'radis', '[]'),
(139, 9, 'celery', 'noun', '[]', 'céleri', '[]'),
(140, 9, 'eggplant', 'noun', '[]', 'aubergine', '[]'),
(141, 9, 'sweet-potato', 'noun', '[]', 'patate', '[]'),
(142, 9, 'squash', 'noun', '[]', 'courge', '[]'),
(143, 9, 'mushroom', 'noun', '[]', 'champignon', '[]'),
(144, 9, 'parsnip', 'noun', '[]', 'panais', '[]'),
(145, 10, 'joy', 'noun', '[\"to jump for joy\"]', 'joie', '[\"sauter de joie\"]'),
(146, 10, 'sadness', 'noun', '[]', 'tristesse', '[]'),
(147, 10, 'anger', 'noun', '[\"to do sth in anger\", \"to raise one\'s voice in anger\", \"He rarely raises his voice in anger.\", \"words spoken in anger\"]', 'colère', '[\"faire qch sous le coup de la col\\u00e8re\", \"hausser le ton\", \"Il hausse rarement le ton.\", \"mots prononc\\u00e9s sous l\'emprise de la col\\u00e8re\"]'),
(148, 10, 'fear', 'transitive verb', '[\"You have nothing to fear.\", \"a woman whom he disliked and feared\", \"An epidemic of plague was feared.\", \"More than two million refugees have fled the area, fearing attack.\", \"to be feared dead\", \"Twenty people are feared dead after the explosion.\", \"to fear (that) ...\"]', 'craindre', '[\"Vous n\'avez rien \\u00e0 craindre.\", \"une femme qu\'il n\'aimait pas et qu\'il craignait\", \"On redoutait une \\u00e9pid\\u00e9mie de peste.\", \"Plus de 2 millions de r\\u00e9fugi\\u00e9s ont fui la r\\u00e9gion, dans la crainte d\'une attaque.\", \"Vingt personnes auraient perdu la vie dans l\'explosion.\", \"craindre que ...\"]'),
(149, 10, 'surprise', 'noun', '[\"I have a surprise for you.\", \"to be a surprise to sb\", \"This ruling was a surprise to everyone.\", \"It came as a surprise to me.\", \"to take by surprise\", \"surprise, surprise!\"]', 'surprise', '[\"J\'ai une surprise pour vous.\", \"Cette d\\u00e9cision fut une surprise pour tout le monde.\", \"Cela a \\u00e9t\\u00e9 une surprise pour moi.\", \"prendre au d\\u00e9pourvu\", \"prendre par surprise\", \"surprise, surprise!\", \"vous parlez d\'une surprise\"]'),
(150, 10, 'disgust', 'noun', '[\"in disgust\", \"She walked off in disgust.\"]', 'dégoût', '[\"Elle s\'\\u00e9loigna, d\\u00e9go\\u00fbt\\u00e9e.\"]'),
(151, 10, 'love', 'noun', '[\"sb\'s love for sb\", \"his love for his wife and children\", \"no love lost\", \"There is little love lost between them.\", \"not for love or money\", \"You can\'t get a ticket for love or money.\"]', 'amour', '[\"l\'amour de qn pour qn\", \"son amour pour sa femme et ses enfants\", \"Ils se d\\u00e9testent.\", \"Il n\'y a pas moyen d\'obtenir des billets.\"]'),
(152, 10, 'hate', 'noun', '[]', 'haine', '[]'),
(153, 10, 'envy', 'noun', '[\"with envy\"]', 'envie', '[\"avec envie\"]'),
(154, 10, 'jealousy', 'noun', '[]', 'jalousie', '[]'),
(155, 10, 'happiness', 'noun', '[]', 'bonheur', '[]'),
(156, 10, 'pain', 'transitive verb', '[\"It pains me to think of you struggling alone.\"]', 'faire de la peine à', '[\"Cela me fait de la peine de penser que tu luttes tout seul.\"]'),
(157, 10, 'relief', 'noun', '[\"That\'s a relief!\", \"It\'s a great relief to be back.\", \"to sb\'s relief\", \"To my relief, he said yes.\", \"to breathe a sigh of relief\"]', 'soulagement', '[\"Quel soulagement!\", \"C\'est un grand soulagement que d\'\\u00eatre de retour.\", \"\\u00c0 mon soulagement, il a dit oui.\", \"pousser un soupir de soulagement\"]'),
(158, 10, 'hope', 'noun', '[\"to have high hopes\", \"She has high hopes that her condition will improve.\", \"to give up hope\", \"Don\'t give up hope!\", \"to get one\'s hopes up\", \"Don\'t get your hopes up!\", \"to have no hope of sth\", \"to have no hope of doing sth\", \"not a hope in hell\", \"You haven\'t got a hope in hell of doing it.\", \"in the hope of doing sth\", \"in the hope that\", \"some hope!\", \"not a hope!\"]', 'espoir', '[\"avoir bon espoir\", \"Elle a bon espoir que sa condition s\'am\\u00e9liorera.\", \"perdre espoir\", \"Ne perds pas espoir!\", \"N\'y compte pas trop!\", \"n\'avoir aucune chance de qch\", \"n\'avoir aucune chance de faire qch\", \"Tu n\'as pas la moindre chance de le faire.\", \"dans l\'espoir de faire qch\", \"dans l\'espoir que\", \"tu parles!\", \"tu parles !\"]'),
(159, 10, 'despair', 'noun', '[\"to be driven to despair\", \"to be in despair\", \"I was in despair.\"]', 'désespoir', '[\"\\u00eatre r\\u00e9duit(e)\", \"\\u00eatre d\\u00e9sesp\\u00e9r\\u00e9(e)\", \"J\'\\u00e9tais d\\u00e9sesp\\u00e9r\\u00e9.\"]'),
(160, 10, 'disappointment', 'noun', '[\"It was a disappointment, but not a disaster.\", \"He remained focused even after the disappointment of losing the opening set.\", \"Book early to avoid disappointment.\", \"to my disappointment\"]', 'déception', '[\"C\'\\u00e9tait une d\\u00e9ception, mais pas un d\\u00e9sastre.\", \"Il est rest\\u00e9 concentr\\u00e9 m\\u00eame apr\\u00e8s son d\\u00e9cevant \\u00e9chec au premier set.\", \"R\\u00e9servez \\u00e0 l\'avance pour ne pas \\u00eatre d\\u00e9\\u00e7u.\", \"\\u00e0 ma grande d\\u00e9ception\"]'),
(161, 10, 'excitement', 'noun', '[\"to be in a state of excitement\", \"to cause excitement\"]', 'excitation', '[\"\\u00eatre excit\\u00e9(e)\", \"faire sensation\"]'),
(162, 10, 'anxiety', 'noun', '[\"anxiety over sth\"]', 'anxiété', '[\"anxi\\u00e9t\\u00e9 en ce qui concerne qch\"]'),
(163, 10, 'shyness', 'noun', '[]', 'timidité', '[]'),
(164, 10, 'pride', 'noun', '[\"the sense of pride in a job well done\", \"to take pride in sb/sth\", \"to take great pride in sth\", \"I take very great pride in the success of my children.\", \"to take a pride in doing sth\", \"to be sb\'s pride and joy\"]', 'fierté', '[\"la fiert\\u00e9 du travail bien fait\", \"\\u00eatre fier(\\u2011i\\u00e8re)\", \"tirer une grande fiert\\u00e9 de qch\", \"Je tire une tr\\u00e8s grande fiert\\u00e9 du succ\\u00e8s de mes enfants.\", \"\\u00eatre fier(\\u2011i\\u00e8re)\", \"\\u00eatre la fiert\\u00e9 de qn\"]'),
(165, 11, 'table', 'noun', '[\"to lay the table\", \"to clear the table\", \"to turn the tables on sb\"]', 'table', '[\"mettre la table\", \"d\\u00e9barrasser la table\", \"retourner la situation en sa faveur face \\u00e0 qn\"]'),
(166, 11, 'chair', 'noun', '[\"a table and 4 chairs\"]', 'chaise', '[\"une table et quatre chaises\"]'),
(167, 11, 'sofa', 'noun', '[]', 'sofa', '[]'),
(168, 11, 'bed', 'noun', '[\"in bed\", \"to be in bed\", \"to go to bed\", \"to go to bed with sb\", \"to get sb into bed\", \"to make the bed\", \"he\'s made his bed, now he must lie in it\", \"to get out of bed on the wrong side\"]', 'lit', '[\"au lit\", \"\\u00eatre au lit\", \"aller se coucher\", \"coucher avec qn\", \"parvenir \\u00e0 coucher avec qn\", \"faire le lit\", \"comme on fait son lit, on se couche\", \"se lever du pied gauche\"]'),
(169, 11, 'wardrobe', 'noun', '[]', 'armoire', '[]'),
(170, 11, 'dresser', 'noun', '[]', 'vaisselier', '[]'),
(171, 11, 'desk', 'noun', '[]', 'bureau', '[]'),
(172, 11, 'mirror', 'noun', '[]', 'miroir', '[]'),
(173, 11, 'lamp', 'noun', '[]', 'lampe', '[]'),
(174, 11, 'armchair', 'noun', '[]', 'fauteuil', '[]'),
(175, 11, 'stool', 'noun', '[]', 'tabouret', '[]'),
(176, 11, 'bench', 'noun', '[]', 'banc', '[]'),
(177, 11, 'hutch', 'noun', '[]', 'clapier', '[]'),
(178, 11, 'buffet', 'noun', '[]', 'buffet', '[]'),
(179, 11, 'bed', 'noun', '[\"in bed\", \"to be in bed\", \"to go to bed\", \"to go to bed with sb\", \"to get sb into bed\", \"to make the bed\", \"he\'s made his bed, now he must lie in it\", \"to get out of bed on the wrong side\"]', 'lit', '[\"au lit\", \"\\u00eatre au lit\", \"aller se coucher\", \"coucher avec qn\", \"parvenir \\u00e0 coucher avec qn\", \"faire le lit\", \"comme on fait son lit, on se couche\", \"se lever du pied gauche\"]'),
(275, 18, 'battery', 'noun', '[\"a battery of tests\"]', 'batterie', '[\"une batterie de tests\"]'),
(269, 18, 'printer', 'noun', '[]', 'imprimante', '[]'),
(270, 18, 'router', 'noun', '[]', 'routeur', '[]'),
(271, 18, 'webcam', 'noun', '[]', 'webcam', '[]'),
(272, 18, 'headphones', 'plural noun', '[]', 'casque m', '[]'),
(273, 18, 'microphone', 'noun', '[]', 'microphone', '[]'),
(274, 18, 'charger', 'noun', '[]', 'chargeur', '[]'),
(264, 18, 'hardware', 'noun', '[]', 'hardware', '[]'),
(265, 18, 'software', 'noun', '[\"My job is writing the software.\"]', 'logiciel', '[\"Mon travail consiste \\u00e0 \\u00e9crire le logiciel.\"]'),
(266, 18, 'mouse', 'noun', '[]', 'souris', '[]'),
(267, 18, 'keyboard', 'noun', '[]', 'clavier', '[]'),
(268, 18, 'screen', 'noun', '[\"TV screen\", \"computer screen\", \"radar screen\", \"on screen\", \"on screen and off\", \"stars of stage and screen\"]', 'écran', '[\"\\u00e9cran de t\\u00e9l\\u00e9\", \"\\u00e9cran d\'ordinateur\", \"\\u00e9cran radar\", \"\\u00e0 l\'\\u00e9cran\", \"\\u00e0 l\'\\u00e9cran\", \"\\u00e0 l\'\\u00e9cran et \\u00e0 la ville\", \"les vedettes de la sc\\u00e8ne et de l\'\\u00e9cran\"]'),
(261, 17, 'mime', 'noun', '[]', 'mime', '[]'),
(262, 18, 'computer', 'noun', '[\"by computer\", \"The process is done by computer.\"]', 'ordinateur', '[\"par ordinateur\", \"Le processus se fait par ordinateur.\"]'),
(263, 18, 'internet', 'modifier', '[\"a high-tech rarity - an Internet business that makes money\", \"Internet banking\"]', 'Internet', '[\"une raret\\u00e9 high-tech: une entreprise Internet qui fait de l\'argent\", \"gestion de compte bancaire sur Internet\"]'),
(259, 17, 'poetry', 'noun', '[]', 'poésie', '[]'),
(260, 17, 'graphic-design', 'noun', '[]', 'graphisme', '[]'),
(256, 17, 'acting', 'noun', '[\"to do some acting\"]', 'jeu', '[\"faire du th\\u00e9\\u00e2tre\", \"faire du cin\\u00e9ma\"]'),
(257, 17, 'singing', 'noun', '[\"The dancing and singing ended at midnight.\"]', 'chant', '[\"Les danses et les chants se termin\\u00e8rent \\u00e0 minuit.\"]'),
(258, 17, 'ballet', 'noun', '[\"We went to a ballet.\"]', 'ballet', '[\"Nous sommes all\\u00e9s voir un ballet.\"]'),
(255, 17, 'calligraphy', 'noun', '[]', 'calligraphie', '[]'),
(254, 17, 'photography', 'noun', '[\"fashion photography\"]', 'photographie', '[\"la photographie de mode\"]'),
(252, 17, 'drawing', 'noun', '[\"to do a drawing\"]', 'dessin', '[\"faire un dessin\"]'),
(253, 17, 'pottery', 'noun', '[\"a piece of pottery\"]', 'poteries', '[\"une poterie\"]'),
(248, 16, 'blizzard', 'noun', '[]', 'blizzard', '[]'),
(249, 16, 'flood', 'noun', '[\"The rain has caused many floods.\", \"in flood\"]', 'inondation', '[\"La pluie a provoqu\\u00e9 de nombreuses inondations.\", \"en crue\"]'),
(250, 16, 'landslide', 'noun', '[]', 'glissement', '[]'),
(251, 17, 'sculpture', 'noun', '[]', 'sculpture', '[]'),
(242, 16, 'hurricane', 'noun', '[\"hurricane Charley\"]', 'ouragan', '[\"l\'ouragan Charley\"]'),
(243, 16, 'avalanche', 'noun', '[]', 'avalanche', '[]'),
(244, 16, 'eclipse', 'noun', '[]', 'éclipse', '[]'),
(245, 16, 'volcano', 'noun', '[]', 'volcan', '[]'),
(246, 16, 'thunder', 'noun', '[\"a clap of thunder\", \"thunder and lightning\"]', 'tonnerre', '[\"un coup de tonnerre\", \"le tonnerre et la foudre\"]'),
(247, 16, 'lightning', 'noun', '[\"thunder and lightning\", \"a flash of lightning\", \"Another flash of lightning lit up the cave.\", \"to be struck by lightning\", \"One man died when he was struck by lightning.\"]', 'foudre', '[\"le tonnerre et la foudre\", \"un \\u00e9clair\", \"Un autre \\u00e9clair illumina la grotte.\", \"\\u00eatre foudroy\\u00e9(e)\", \"Un homme est mort foudroy\\u00e9.\"]'),
(238, 15, 'accordion', 'noun', '[]', 'accordéon', '[]'),
(239, 15, 'banjo', 'noun', '[\"to play the banjo\"]', 'banjo', '[\"jouer du banjo\"]'),
(240, 16, 'earthquake', 'noun', '[]', 'tremblement', '[]'),
(241, 16, 'tornado', 'noun', '[]', 'tornade', '[]'),
(232, 15, 'clarinet', 'noun', '[\"I play the clarinet.\"]', 'clarinette', '[\"Je joue de la clarinette.\"]'),
(233, 15, 'harp', 'noun', '[]', 'harpe', '[]'),
(234, 15, 'cello', 'noun', '[\"I play the cello.\"]', 'violoncelle', '[\"Je joue du violoncelle.\"]'),
(235, 15, 'ukulele', 'noun', '[]', 'ukulélé', '[]'),
(236, 15, 'tambourine', 'noun', '[]', 'tambourin', '[]'),
(237, 15, 'xylophone', 'noun', '[\"to play the xylophone\"]', 'xylophone', '[\"jouer du xylophone\"]'),
(230, 15, 'flute', 'noun', '[\"I play the flute.\"]', 'flûte', '[\"Je joue de la fl\\u00fbte.\"]'),
(231, 15, 'saxophone', 'noun', '[\"I play the saxophone.\"]', 'saxophone', '[\"Je joue du saxophone.\"]'),
(229, 15, 'trumpet', 'noun', '[\"She plays the trumpet.\"]', 'trompette', '[\"Elle joue de la trompette.\"]'),
(226, 15, 'piano', 'noun', '[\"to have piano lessons\", \"I have piano lessons.\", \"to play the piano\", \"I play the piano.\"]', 'piano', '[\"prendre des le\\u00e7ons de piano\", \"Je prends des le\\u00e7ons de piano.\", \"jouer du piano\", \"Je joue du piano.\"]'),
(227, 15, 'violin', 'noun', '[\"I play the violin.\"]', 'violon', '[\"Je joue du violon.\"]'),
(228, 15, 'drum', 'noun', '[\"an African drum\", \"to beat the drum for sth\"]', 'tambour', '[\"un tambour africain\", \"faire du battage ()\"]'),
(224, 14, 'temperature', 'noun', '[\"The temperature was 30 degrees.\"]', 'température', '[\"Il faisait trente degr\\u00e9s.\"]'),
(225, 15, 'guitar', 'noun', '[\"I play the guitar.\"]', 'guitare', '[\"Je joue de la guitare.\"]'),
(223, 14, 'rainbow', 'noun', '[\"the pot of gold at the end of the rainbow\"]', 'arc-en-ciel', '[\"une chim\\u00e8re\"]'),
(222, 14, 'hail', 'noun', '[]', 'grêle', '[]'),
(218, 14, 'thunderstorm', 'noun', '[]', 'orage', '[]'),
(219, 14, 'snow', 'noun', '[]', 'neige', '[]'),
(220, 14, 'wind', 'noun', '[\"There was a strong wind.\", \"The wind was blowing.\", \"a gust of wind\", \"into the wind\"]', 'vent', '[\"Il y avait beaucoup de vent.\", \"Le vent soufflait.\", \"une rafale de vent\", \"contre le vent\"]'),
(221, 14, 'fog', 'noun', '[]', 'brouillard', '[]'),
(217, 14, 'cloud', 'noun', '[\"every cloud has a silver lining\", \"to have one\'s head in the clouds\", \"to be on cloud nine\", \"to be under a cloud\"]', 'nuage', '[\"\\u00e0 quelque chose malheur est bon\", \"avoir la t\\u00eate dans les nuages\", \"\\u00eatre aux anges\", \"\\u00eatre en disgr\\u00e2ce\"]'),
(215, 14, 'rain', 'noun', '[\"in the rain\", \"to be right as rain\", \"You\'ll be as right as rain soon.\", \"rain or shine\"]', 'pluie', '[\"sous la pluie\", \"se porter comme un charme\", \"Tu te porteras bient\\u00f4t comme un charme.\", \"qu\'il pleuve ou qu\'il vente\"]'),
(216, 14, 'sunshine', 'noun', '[\"a day of brilliant sunshine\", \"in the sunshine\"]', 'soleil', '[\"une journ\\u00e9e radieuse\", \"au soleil\"]'),
(276, 19, 'camping', 'noun', '[\"to go camping\", \"We went camping in Cornwall.\"]', 'camping', '[\"faire du camping\", \"Nous avons fait du camping en Cornouailles.\"]'),
(277, 19, 'hiking', 'noun', '[]', 'randonnée', '[]'),
(278, 19, 'fishing', 'noun', '[\"My hobby is fishing.\"]', 'pêche', '[\"La p\\u00eache est mon passe-temps favori.\"]'),
(279, 19, 'cycling', 'noun', '[]', 'cyclisme', '[]'),
(280, 19, 'gardening', 'noun', '[\"Margaret loves gardening.\", \"to do the gardening\"]', 'jardinage', '[\"Margaret aime le jardinage.\", \"faire du jardinage\"]'),
(281, 19, 'birdwatching', 'noun', '[]', 'ornithologie', '[]'),
(282, 19, 'kayak', 'noun', '[]', 'kayak', '[]'),
(283, 19, 'canoe', 'noun', '[]', 'canoë', '[]'),
(284, 19, 'rock-climbing', 'noun', '[\"to go rock climbing\"]', 'varappe', '[\"faire de la varappe\"]'),
(285, 19, 'horseback-riding', 'noun', '[]', 'équitation', '[]'),
(286, 19, 'surfing', 'noun', '[\"to go surfing\"]', 'surf', '[\"faire du surf\"]'),
(287, 19, 'skateboard', 'noun', '[]', 'skateboard', '[]'),
(288, 19, 'sailing', 'noun', '[\"His hobby is sailing.\", \"to go sailing\", \"plain sailing\", \"It was not all plain sailing.\"]', 'voile', '[\"Son passe-temps, c\'est la voile.\", \"faire de la voile\", \"\\u00c7a n\'a pas toujours \\u00e9t\\u00e9 facile.\"]'),
(289, 20, 'stove', 'noun', '[\"gas stove\", \"electric stove\"]', 'cuisinière', '[\"cuisini\\u00e8re f\", \"cuisini\\u00e8re f\"]'),
(290, 20, 'oven', 'noun', '[]', 'four', '[]'),
(291, 20, 'fridge', 'noun', '[]', 'frigo', '[]'),
(292, 20, 'freezer', 'noun', '[]', 'congélateur', '[]'),
(293, 20, 'dishwasher', 'noun', '[]', 'lave-vaisselle', '[]'),
(294, 20, 'microwave', 'noun', '[]', 'micro-ondes', '[]'),
(295, 20, 'blender', 'noun', '[]', 'mixeur', '[]'),
(296, 20, 'toaster', 'noun', '[]', 'grille-pain', '[]'),
(297, 20, 'kettle', 'noun', '[\"to put the kettle on\", \"The kettle\'s boiling.\", \"it\'s a different kettle of fish\"]', 'bouilloire', '[\"mettre la bouilloire \\u00e0 chauffer\", \"\\u00c7a bout.\", \"c\'est une autre paire de manches ()\"]'),
(298, 20, 'cutting-board', 'noun', '[]', 'planche', '[]'),
(299, 20, 'knife', 'noun', '[\"knife and fork\", \"knives and forks\", \"a kitchen knife\", \"you could have cut the atmosphere with a knife\"]', 'couteau', '[\"couteau et fourchette\", \"les couverts mpl\", \"un couteau de cuisine\", \"l\'atmosph\\u00e8re \\u00e9tait \\u00e0 couper au couteau\"]'),
(300, 20, 'fork', 'noun', '[]', 'fourchette', '[]'),
(301, 20, 'spoon', 'noun', '[]', 'cuillère', '[]'),
(302, 20, 'pan', 'noun', '[]', 'poêle', '[]'),
(303, 21, 'sand', 'noun', '[]', 'sable', '[]'),
(304, 21, 'sea', 'noun', '[\"We swam in the sea.\", \"the Sea of Galilee\", \"to be swept out to sea\", \"a heavy sea\", \"by sea\", \"by the sea\", \"beside the sea\", \"on the sea\", \"to look out to sea\", \"out at sea\", \"a storm at sea\", \"to go to sea\", \"to put to sea\", \"to be all at sea\"]', 'mer', '[\"Nous avons nag\\u00e9 dans la mer.\", \"la mer de Galil\\u00e9e\", \"\\u00eatre emport\\u00e9(e)\", \"une mer agit\\u00e9e\", \"par mer\", \"au bord de la mer\", \"au bord de la mer\", \"en bord de mer\", \"en bord de mer\", \"en mer\", \"au bord de la mer\", \"regarder vers la mer\", \"en mer\", \"une temp\\u00eate en mer\", \"prendre la mer\", \"prendre la mer\", \"nager compl\\u00e8tement\"]'),
(305, 21, 'sunscreen', 'noun', '[]', 'écran', '[]'),
(306, 21, 'umbrella', 'noun', '[\"a beach umbrella\"]', 'parasol', '[\"un parasol\"]'),
(307, 21, 'sunglasses', 'plural noun', '[]', 'lunettes', '[]'),
(308, 21, 'beach-ball', 'noun', '[]', 'ballon', '[]'),
(309, 21, 'cooler', 'noun', '[]', 'glacière', '[]'),
(310, 21, 'surfboard', 'noun', '[]', 'planche', '[]'),
(311, 21, 'lifeguard', 'noun', '[]', 'maître nageur(?euse)', '[]'),
(312, 21, 'sandcastle', 'noun', '[]', 'château', '[]'),
(313, 21, 'wave', 'noun', '[\"the sound of the waves breaking on the shore\"]', 'vague', '[\"le bruit des vagues se brisant sur le rivage\"]'),
(314, 21, 'seashell', 'noun', '[]', 'coquillage', '[]'),
(315, 22, 'bathtub', 'noun', '[]', 'baignoire', '[]'),
(316, 22, 'shower', 'noun', '[\"to have a shower\"]', 'douche', '[\"prendre une douche\"]'),
(317, 22, 'toilet', 'noun', '[\"to go to the toilet\", \"to flush the toilet\"]', 'toilettes', '[\"aller aux toilettes\", \"tirer la chasse\"]'),
(318, 22, 'mirror', 'noun', '[]', 'miroir', '[]'),
(319, 22, 'towel', 'noun', '[]', 'serviette', '[]'),
(320, 22, 'toothbrush', 'noun', '[]', 'brosse', '[]'),
(321, 22, 'toothpaste', 'noun', '[]', 'dentifrice', '[]'),
(322, 22, 'soap', 'noun', '[\"a bar of soap\"]', 'savon', '[\"une savonnette\"]'),
(323, 22, 'shampoo', 'noun', '[\"a bottle of shampoo\", \"shampoo and set\"]', 'shampooing', '[\"une bouteille de shampooing\", \"shampooing et mise f\"]'),
(324, 22, 'conditioner', 'noun', '[]', 'après-shampoing', '[]'),
(325, 22, 'razor', 'noun', '[\"disposable razor\", \"electric razor\"]', 'rasoir', '[\"rasoir jetable\", \"rasoir \\u00e9lectrique\"]'),
(326, 22, 'hairbrush', 'noun', '[]', 'brosse', '[]'),
(327, 22, 'hairdryer', 'noun', '[]', 'sèche-cheveux', '[]'),
(328, 22, 'lotion', 'noun', '[]', 'lotion', '[]'),
(329, 23, 'lamp', 'noun', '[\"table lamp\", \"desk lamp\"]', 'lampe', '[\"lampe de table\", \"lampe de bureau\"]'),
(330, 23, 'curtain', 'noun', '[\"to draw the curtains\", \"to open the curtains\"]', 'rideau', '[\"tirer les rideaux\", \"ouvrir les rideaux\"]'),
(331, 23, 'window', 'noun', '[\"to open the window\", \"to close the window\"]', 'fenêtre', '[\"ouvrir la fenêtre\", \"fermer la fenêtre\"]'),
(332, 23, 'carpet', 'noun', '[\"to vacuum the carpet\"]', 'tapis', '[\"passer l\'aspirateur sur le tapis\"]'),
(333, 23, 'clock', 'noun', '[\"alarm clock\", \"wall clock\"]', 'horloge', '[\"réveil\", \"horloge murale\"]'),
(334, 23, 'painting', 'noun', '[\"to hang a painting\", \"to admire a painting\"]', 'tableau', '[\"accrocher un tableau\", \"admirer un tableau\"]'),
(335, 23, 'door', 'noun', '[\"to close the door\", \"to open the door\"]', 'porte', '[\"fermer la porte\", \"ouvrir la porte\"]'),
(336, 23, 'key', 'noun', '[\"door key\", \"to lose the key\"]', 'clé', '[\"clé de porte\", \"perdre la clé\"]'),
(337, 23, 'shelves', 'plural noun', '[\"to put sth on the shelves\"]', 'étagères', '[\"mettre qch sur les étagères\"]'),
(338, 23, 'blanket', 'noun', '[\"to put a blanket on sth\", \"to wrap oneself in a blanket\"]', 'couverture', '[\"mettre une couverture sur qch\", \"se couvrir d\'une couverture\"]'),
(339, 23, 'pillow', 'noun', '[\"a pillow fight\"]', 'oreiller', '[\"une bataille d\'oreillers\"]'),
(340, 23, 'dresser', 'noun', '[\"a dresser drawer\"]', 'commode', '[\"un tiroir de commode\"]'),
(341, 23, 'mirror', 'noun', '[\"to look in the mirror\", \"to stand in front of the mirror\"]', 'miroir', '[\"se regarder dans le miroir\", \"se tenir devant le miroir\"]'),
(342, 23, 'wardrobe', 'noun', '[\"to hang sth in the wardrobe\", \"to put sth in the wardrobe\"]', 'armoire', '[\"accrocher qch dans l\'armoire\", \"mettre qch dans l\'armoire\"]'),
(343, 23, 'nightstand', 'noun', '[\"nightstand lamp\"]', 'table de nuit', '[\"lampe de chevet\"]'),
(344, 24, 'sofa', 'noun', '[\"leather sofa\", \"comfortable sofa\"]', 'canapé', '[\"canapé en cuir\", \"canapé confortable\"]'),
(345, 24, 'television', 'noun', '[\"flat-screen television\", \"television program\"]', 'télévision', '[\"télévision à écran plat\", \"programme télévisé\"]'),
(346, 24, 'remote', 'noun', '[\"remote control\"]', 'télécommande', '[\"télécommande\"]'),
(347, 24, 'coffee table', 'noun', '[\"glass coffee table\", \"round coffee table\"]', 'table basse', '[\"table basse en verre\", \"table basse ronde\"]'),
(348, 24, 'rug', 'noun', '[\"Persian rug\", \"wool rug\"]', 'tapis', '[\"tapis persan\", \"tapis en laine\"]'),
(349, 24, 'bookshelf', 'noun', '[\"wooden bookshelf\"]', 'bibliothèque', '[\"bibliothèque en bois\"]'),
(350, 24, 'fireplace', 'noun', '[\"brick fireplace\"]', 'cheminée', '[\"cheminée en briques\"]'),
(351, 24, 'couch', 'noun', '[\"small couch\"]', 'canapé', '[\"petit canapé\"]'),
(352, 24, 'armchair', 'noun', '[\"comfortable armchair\"]', 'fauteuil', '[\"fauteuil confortable\"]'),
(353, 24, 'lamp', 'noun', '[\"floor lamp\", \"table lamp\"]', 'lampe', '[\"lampe sur pied\", \"lampe de table\"]'),
(354, 24, 'curtain', 'noun', '[\"to draw the curtains\"]', 'rideau', '[\"tirer les rideaux\"]'),
(355, 24, 'window', 'noun', '[\"to open the window\", \"to close the window\"]', 'fenêtre', '[\"ouvrir la fenêtre\", \"fermer la fenêtre\"]'),
(356, 24, 'painting', 'noun', '[\"to hang a painting\", \"to admire a painting\"]', 'tableau', '[\"accrocher un tableau\", \"admirer un tableau\"]'),
(357, 24, 'rug', 'noun', '[\"Persian rug\", \"wool rug\"]', 'tapis', '[\"tapis persan\", \"tapis en laine\"]'),
(358, 24, 'vase', 'noun', '[\"flower vase\"]', 'vase', '[\"vase à fleurs\"]'),
(359, 25, 'table', 'noun', '[\"dining table\", \"round table\"]', 'table', '[\"table à manger\", \"table ronde\"]'),
(360, 25, 'chair', 'noun', '[\"wooden chair\", \"dining chair\"]', 'chaise', '[\"chaise en bois\", \"chaise de salle à manger\"]'),
(361, 25, 'cabinet', 'noun', '[\"China cabinet\", \"storage cabinet\"]', 'armoire', '[\"armoire de Chine\", \"armoire de rangement\"]'),
(362, 25, 'sideboard', 'noun', '[\"antique sideboard\"]', 'buffet', '[\"buffet ancien\"]'),
(363, 25, 'buffet', 'noun', '[\"buffet table\"]', 'buffet', '[\"table de buffet\"]'),
(364, 25, 'hutch', 'noun', '[\"kitchen hutch\"]', 'vaisselier', '[\"vaisselier de cuisine\"]'),
(365, 25, 'napkin', 'noun', '[\"paper napkin\", \"cloth napkin\"]', 'serviette', '[\"serviette en papier\", \"serviette en tissu\"]'),
(366, 25, 'tablecloth', 'noun', '[\"white tablecloth\"]', 'nappe', '[\"nappe blanche\"]'),
(367, 25, 'centerpiece', 'noun', '[\"floral centerpiece\"]', 'centre de table', '[\"centre de table floral\"]'),
(368, 25, 'wine glass', 'noun', '[\"stemless wine glass\"]', 'verre à vin', '[\"verre à vin sans pied\"]'),
(369, 25, 'candlestick', 'noun', '[\"silver candlestick\"]', 'bougeoir', '[\"bougeoir en argent\"]'),
(370, 25, 'chandelier', 'noun', '[\"crystal chandelier\"]', 'lustre', '[\"lustre en cristal\"]'),
(371, 25, 'placemat', 'noun', '[\"paper placemat\", \"cloth placemat\"]', 'set de table', '[\"set de table en papier\", \"set de table en tissu\"]'),
(372, 25, 'cutlery', 'noun', '[\"stainless steel cutlery\"]', 'couverts', '[\"couverts en acier inoxydable\"]'),
(373, 25, 'dish', 'noun', '[\"dish rack\"]', 'plat', '[\"égouttoir à vaisselle\"]'),
(374, 26, 'desk', 'noun', '[\"student desk\", \"teacher desk\"]', 'bureau', '[\"bureau d\'élève\", \"bureau de professeur\"]'),
(375, 26, 'chair', 'noun', '[\"desk chair\", \"student chair\"]', 'chaise', '[\"chaise de bureau\", \"chaise d\'élève\"]'),
(376, 26, 'whiteboard', 'noun', '[\"interactive whiteboard\"]', 'tableau blanc', '[\"tableau blanc interactif\"]'),
(377, 26, 'blackboard', 'noun', '[\"chalkboard\"]', 'tableau noir', '[\"tableau noir\"]'),
(378, 26, 'bookcase', 'noun', '[\"wooden bookcase\"]', 'bibliothèque', '[\"bibliothèque en bois\"]'),
(379, 26, 'computer', 'noun', '[\"laptop computer\", \"desktop computer\"]', 'ordinateur', '[\"ordinateur portable\", \"ordinateur de bureau\"]'),
(380, 26, 'projector', 'noun', '[\"digital projector\"]', 'projecteur', '[\"projecteur numérique\"]'),
(381, 26, 'screen', 'noun', '[\"projection screen\"]', 'écran', '[\"écran de projection\"]'),
(382, 26, 'map', 'noun', '[\"world map\"]', 'carte', '[\"carte du monde\"]'),
(383, 26, 'globe', 'noun', '[\"rotating globe\"]', 'globe', '[\"globe terrestre rotatif\"]'),
(384, 26, 'clock', 'noun', '[\"wall clock\"]', 'horloge', '[\"horloge murale\"]'),
(385, 26, 'desk organizer', 'noun', '[\"desktop organizer\"]', 'organisateur de bureau', '[\"organisateur de bureau\"]'),
(386, 26, 'pencil', 'noun', '[\"mechanical pencil\"]', 'crayon', '[\"crayon mécanique\"]'),
(387, 26, 'pen', 'noun', '[\"ballpoint pen\"]', 'stylo', '[\"stylo à bille\"]'),
(388, 26, 'notebook', 'noun', '[\"spiral notebook\"]', 'cahier', '[\"cahier à spirale\"]'),
(389, 27, 'treadmill', 'noun', '[\"electric treadmill\"]', 'tapis roulant', '[\"tapis roulant électrique\"]'),
(390, 27, 'dumbbell', 'noun', '[\"adjustable dumbbell\"]', 'haltère', '[\"haltère réglable\"]'),
(391, 27, 'bench press', 'noun', '[\"incline bench press\"]', 'banc de musculation', '[\"banc de musculation incliné\"]'),
(392, 27, 'exercise bike', 'noun', '[\"stationary exercise bike\"]', 'vélo d\'appartement', '[\"vélo d\'appartement fixe\"]'),
(393, 27, 'weight rack', 'noun', '[\"dumbbell weight rack\"]', 'râtelier à poids', '[\"râtelier à haltères\"]'),
(394, 27, 'yoga mat', 'noun', '[\"thick yoga mat\"]', 'tapis de yoga', '[\"tapis de yoga épais\"]'),
(395, 27, 'jump rope', 'noun', '[\"speed jump rope\"]', 'corde à sauter', '[\"corde à sauter rapide\"]'),
(396, 27, 'resistance band', 'noun', '[\"heavy resistance band\"]', 'bande de résistance', '[\"bande de résistance lourde\"]'),
(397, 27, 'medicine ball', 'noun', '[\"weighted medicine ball\"]', 'ballon de médecine', '[\"ballon de médecine lesté\"]'),
(398, 27, 'exercise mat', 'noun', '[\"thick exercise mat\"]', 'tapis de fitness', '[\"tapis de fitness épais\"]'),
(399, 27, 'elliptical machine', 'noun', '[\"home elliptical machine\"]', 'machine elliptique', '[\"machine elliptique à domicile\"]'),
(400, 27, 'rowing machine', 'noun', '[\"indoor rowing machine\"]', 'rameur', '[\"rameur d\'intérieur\"]'),
(401, 27, 'kettlebell', 'noun', '[\"adjustable kettlebell\"]', 'poids russe', '[\"poids russe réglable\"]'),
(402, 27, 'pull-up bar', 'noun', '[\"wall-mounted pull-up bar\"]', 'barre de traction', '[\"barre de traction murale\"]'),
(403, 27, 'exercise ball', 'noun', '[\"stability exercise ball\"]', 'ballon d\'exercice', '[\"ballon d\'exercice de stabilité\"]'),
(404, 28, 'conference table', 'noun', '[\"oval conference table\"]', 'table de conférence', '[\"table de conférence ovale\"]'),
(405, 28, 'projector screen', 'noun', '[\"electric projector screen\"]', 'écran de projection', '[\"écran de projection électrique\"]'),
(406, 28, 'whiteboard', 'noun', '[\"interactive whiteboard\"]', 'tableau blanc', '[\"tableau blanc interactif\"]'),
(407, 28, 'conference phone', 'noun', '[\"wireless conference phone\"]', 'téléphone de conférence', '[\"téléphone de conférence sans fil\"]'),
(408, 28, 'video conferencing', 'noun', '[\"online video conferencing\"]', 'visioconférence', '[\"visioconférence en ligne\"]'),
(409, 28, 'meeting agenda', 'noun', '[\"weekly meeting agenda\"]', 'ordre du jour de la réunion', '[\"ordre du jour hebdomadaire de la réunion\"]'),
(410, 28, 'presentation remote', 'noun', '[\"wireless presentation remote\"]', 'télécommande de présentation', '[\"télécommande de présentation sans fil\"]'),
(411, 28, 'flip chart', 'noun', '[\"portable flip chart\"]', 'paperboard', '[\"paperboard portable\"]'),
(412, 28, 'conference room', 'noun', '[\"spacious conference room\"]', 'salle de conférence', '[\"salle de conférence spacieuse\"]'),
(413, 28, 'conference call', 'noun', '[\"international conference call\"]', 'conférence téléphonique', '[\"conférence téléphonique internationale\"]'),
(414, 28, 'meeting room', 'noun', '[\"small meeting room\"]', 'salle de réunion', '[\"petite salle de réunion\"]'),
(415, 28, 'web conferencing', 'noun', '[\"live web conferencing\"]', 'visioconférence en ligne', '[\"visioconférence en direct sur le web\"]'),
(416, 28, 'business presentation', 'noun', '[\"professional business presentation\"]', 'présentation d\'affaires', '[\"présentation d\'affaires professionnelle\"]'),
(417, 28, 'conference facilities', 'noun', '[\"modern conference facilities\"]', 'installations de conférence', '[\"installations de conférence modernes\"]'),
(418, 28, 'boardroom', 'noun', '[\"executive boardroom\"]', 'salle du conseil', '[\"salle du conseil exécutive\"]'),
(419, 29, 'lectern', 'noun', '[\"wooden lectern\"]', 'pupitre', '[\"pupitre en bois\"]'),
(420, 29, 'microphone', 'noun', '[\"wireless microphone\"]', 'microphone', '[\"microphone sans fil\"]'),
(421, 29, 'podium', 'noun', '[\"speaker podium\"]', 'estrade', '[\"estrade pour conférencier\"]'),
(422, 29, 'speakerphone', 'noun', '[\"conference speakerphone\"]', 'téléphone haut-parleur', '[\"téléphone haut-parleur de conférence\"]'),
(423, 29, 'presentation software', 'noun', '[\"interactive presentation software\"]', 'logiciel de présentation', '[\"logiciel de présentation interactif\"]'),
(424, 29, 'video conference', 'noun', '[\"international video conference\"]', 'visioconférence', '[\"visioconférence internationale\"]'),
(425, 29, 'conference hall', 'noun', '[\"large conference hall\"]', 'salle de conférence', '[\"grande salle de conférence\"]'),
(426, 29, 'laser pointer', 'noun', '[\"red laser pointer\"]', 'pointeur laser', '[\"pointeur laser rouge\"]'),
(427, 29, 'presentation screen', 'noun', '[\"portable presentation screen\"]', 'écran de présentation', '[\"écran de présentation portable\"]'),
(428, 29, 'conference center', 'noun', '[\"modern conference center\"]', 'centre de conférence', '[\"centre de conférence moderne\"]'),
(429, 29, 'presentation slides', 'noun', '[\"digital presentation slides\"]', 'diapositives de présentation', '[\"diapositives de présentation numériques\"]'),
(430, 29, 'conference room', 'noun', '[\"spacious conference room\"]', 'salle de conférence', '[\"salle de conférence spacieuse\"]'),
(431, 29, 'teleconference', 'noun', '[\"global teleconference\"]', 'téléconférence', '[\"téléconférence mondiale\"]'),
(432, 29, 'conference call', 'noun', '[\"audio conference call\"]', 'conférence téléphonique', '[\"conférence téléphonique audio\"]'),
(433, 29, 'meeting space', 'noun', '[\"flexible meeting space\"]', 'espace de réunion', '[\"espace de réunion flexible\"]'),
(434, 30, 'stage', 'noun', '[\"main stage\"]', 'stage', '[\"scène principale\"]'),
(435, 30, 'audience', 'noun', '[\"enthusiastic audience\"]', 'audience', '[\"public enthousiaste\"]'),
(436, 30, 'spotlights', 'noun', '[\"bright spotlights\"]', 'projecteurs', '[\"projecteurs puissants\"]'),
(437, 30, 'backstage', 'noun', '[\"behind the backstage\"]', 'coulisses', '[\"derrière les coulisses\"]'),
(438, 30, 'soundcheck', 'noun', '[\"final soundcheck\"]', 'vérification du son', '[\"vérification finale du son\"]'),
(439, 30, 'ticket booth', 'noun', '[\"ticket booth outside\"]', 'guichet à billets', '[\"guichet à billets à l\'extérieur\"]'),
(440, 30, 'concert hall', 'noun', '[\"acoustic concert hall\"]', 'salle de concert', '[\"salle de concert acoustique\"]'),
(441, 30, 'encore', 'noun', '[\"loud encore\"]', 'bis', '[\"bis bruyant\"]'),
(442, 30, 'orchestra pit', 'noun', '[\"front orchestra pit\"]', 'fosse d\'orchestre', '[\"fosse d\'orchestre avant\"]'),
(443, 30, 'crowd surfing', 'noun', '[\"exciting crowd surfing\"]', 'surf de foule', '[\"surf de foule excitant\"]'),
(444, 30, 'security guard', 'noun', '[\"vigilant security guard\"]', 'agent de sécurité', '[\"agent de sécurité vigilant\"]'),
(445, 30, 'stage lights', 'noun', '[\"colorful stage lights\"]', 'lumières de scène', '[\"lumières de scène colorées\"]'),
(446, 30, 'concert venue', 'noun', '[\"intimate concert venue\"]', 'lieu de concert', '[\"lieu de concert intime\"]'),
(447, 30, 'rock concert', 'noun', '[\"electric rock concert\"]', 'concert de rock', '[\"concert de rock électrique\"]'),
(448, 30, 'concert tour', 'noun', '[\"worldwide concert tour\"]', 'tournée de concert', '[\"tournée de concert mondiale\"]'),
(449, 31, 'screen', 'noun', '[\"large screen\"]', 'écran', '[\"grand écran\"]'),
(450, 31, 'seats', 'noun', '[\"comfortable seats\"]', 'sièges', '[\"sièges confortables\"]'),
(451, 31, 'popcorn', 'noun', '[\"buttered popcorn\"]', 'pop-corn', '[\"pop-corn au beurre\"]'),
(452, 31, 'moviegoers', 'noun', '[\"enthusiastic moviegoers\"]', 'cinéphiles', '[\"cinéphiles enthousiastes\"]'),
(453, 31, 'projector', 'noun', '[\"digital projector\"]', 'projecteur', '[\"projecteur numérique\"]'),
(454, 31, 'aisle', 'noun', '[\"narrow aisle\"]', 'allée', '[\"allée étroite\"]'),
(455, 31, 'tickets', 'noun', '[\"discounted tickets\"]', 'billets', '[\"billets à prix réduit\"]'),
(456, 31, 'sound system', 'noun', '[\"surround sound system\"]', 'système de son', '[\"système de son surround\"]'),
(457, 31, 'previews', 'noun', '[\"exciting previews\"]', 'bandes-annonces', '[\"bandes-annonces excitantes\"]'),
(458, 31, 'lobby', 'noun', '[\"spacious lobby\"]', 'hall', '[\"hall spacieux\"]'),
(459, 31, 'film', 'noun', '[\"classic film\"]', 'film', '[\"film classique\"]'),
(460, 31, 'cinema screen', 'noun', '[\"high-definition cinema screen\"]', 'écran de cinéma', '[\"écran de cinéma haute définition\"]'),
(461, 31, 'matinee', 'noun', '[\"afternoon matinee\"]', 'matinée', '[\"matinée de l\'après-midi\"]'),
(462, 31, 'credits', 'noun', '[\"closing credits\"]', 'générique de fin', '[\"générique de fin\"]'),
(463, 31, 'screening', 'noun', '[\"private screening\"]', 'projection privée', '[\"projection privée\"]'),
(464, 32, 'stage', 'noun', '[\"center stage\"]', 'scène', '[\"scène centrale\"]'),
(465, 32, 'curtain', 'noun', '[\"red curtain\"]', 'rideau', '[\"rideau rouge\"]'),
(466, 32, 'audience', 'noun', '[\"engaged audience\"]', 'public', '[\"public engagé\"]'),
(467, 32, 'props', 'noun', '[\"realistic props\"]', 'accessoires', '[\"accessoires réalistes\"]'),
(468, 32, 'play', 'noun', '[\"dramatic play\"]', 'pièce de théâtre', '[\"pièce de théâtre dramatique\"]'),
(469, 32, 'lights', 'noun', '[\"dimmed lights\"]', 'lumières', '[\"lumières tamisées\"]'),
(470, 32, 'costumes', 'noun', '[\"elaborate costumes\"]', 'costumes', '[\"costumes élaborés\"]'),
(471, 32, 'director', 'noun', '[\"talented director\"]', 'réalisateur', '[\"réalisateur talentueux\"]'),
(472, 32, 'rehearsal', 'noun', '[\"intense rehearsal\"]', 'répétition', '[\"répétition intense\"]'),
(473, 32, 'act', 'noun', '[\"impressive act\"]', 'acte', '[\"acte impressionnant\"]'),
(474, 32, 'drama', 'noun', '[\"emotional drama\"]', 'drame', '[\"drame émotionnel\"]'),
(475, 32, 'script', 'noun', '[\"original script\"]', 'scénario', '[\"scénario original\"]'),
(476, 32, 'theatre-goers', 'noun', '[\"enthusiastic theatre-goers\"]', 'théâtre', '[\"théâtre enthousiastes\"]'),
(477, 32, 'applause', 'noun', '[\"thunderous applause\"]', 'applaudissements', '[\"applaudissements tonitruants\"]'),
(478, 32, 'actors', 'noun', '[\"versatile actors\"]', 'acteurs', '[\"acteurs polyvalents\"]'),
(479, 33, 'stage', 'noun', '[\"center stage\"]', 'scène', '[\"scène centrale\"]'),
(480, 33, 'lights', 'noun', '[\"stage lights\"]', 'lumières', '[\"lumières de scène\"]'),
(481, 33, 'sound', 'noun', '[\"sound system\"]', 'système de son', '[\"système de son\"]'),
(482, 33, 'audience', 'noun', '[\"excited audience\"]', 'public', '[\"public excité\"]'),
(483, 33, 'performers', 'noun', '[\"talented performers\"]', 'artistes', '[\"artistes talentueux\"]'),
(484, 33, 'seats', 'noun', '[\"comfortable seats\"]', 'sièges', '[\"sièges confortables\"]'),
(485, 33, 'entrance', 'noun', '[\"main entrance\"]', 'entrée', '[\"entrée principale\"]'),
(486, 33, 'exit', 'noun', '[\"emergency exit\"]', 'sortie', '[\"sortie de secours\"]'),
(487, 33, 'props', 'noun', '[\"stage props\"]', 'accessoires', '[\"accessoires de scène\"]'),
(488, 33, 'music', 'noun', '[\"live music\"]', 'musique', '[\"musique live\"]'),
(489, 33, 'ticket', 'noun', '[\"ticket booth\"]', 'guichet de billets', '[\"guichet de billets\"]'),
(490, 33, 'usher', 'noun', '[\"friendly usher\"]', 'huissier', '[\"huissier sympathique\"]'),
(491, 33, 'intermission', 'noun', '[\"short intermission\"]', 'entracte', '[\"entracte court\"]'),
(492, 33, 'applause', 'noun', '[\"thunderous applause\"]', 'applaudissements', '[\"applaudissements tonitruants\"]'),
(493, 33, 'stagehands', 'noun', '[\"hardworking stagehands\"]', 'machinistes', '[\"machinistes travailleurs\"]'),
(494, 34, 'dance', 'noun', '[\"dance floor\"]', 'piste de danse', '[\"piste de danse\"]'),
(495, 34, 'music', 'noun', '[\"loud music\"]', 'musique', '[\"musique forte\"]'),
(496, 34, 'decorations', 'noun', '[\"festive decorations\"]', 'décorations', '[\"décorations festives\"]'),
(497, 34, 'balloons', 'noun', '[\"colorful balloons\"]', 'ballons', '[\"ballons colorés\"]'),
(498, 34, 'food', 'noun', '[\"delicious food\"]', 'nourriture', '[\"nourriture délicieuse\"]'),
(499, 34, 'drinks', 'noun', '[\"refreshing drinks\"]', 'boissons', '[\"boissons rafraîchissantes\"]'),
(500, 34, 'cake', 'noun', '[\"birthday cake\"]', 'gâteau d\'anniversaire', '[\"gâteau d\'anniversaire\"]'),
(501, 34, 'gifts', 'noun', '[\"wrapped gifts\"]', 'cadeaux', '[\"cadeaux emballés\"]'),
(502, 34, 'friends', 'noun', '[\"close friends\"]', 'amis', '[\"amis proches\"]'),
(503, 34, 'family', 'noun', '[\"extended family\"]', 'famille', '[\"famille élargie\"]'),
(504, 34, 'celebration', 'noun', '[\"joyful celebration\"]', 'célébration', '[\"célébration joyeuse\"]'),
(505, 34, 'laughter', 'noun', '[\"spontaneous laughter\"]', 'rires', '[\"rires spontanés\"]'),
(506, 34, 'memories', 'noun', '[\"cherished memories\"]', 'souvenirs', '[\"souvenirs précieux\"]'),
(507, 34, 'entertainment', 'noun', '[\"live entertainment\"]', 'divertissement', '[\"divertissement en direct\"]'),
(508, 34, 'games', 'noun', '[\"fun games\"]', 'jeux', '[\"jeux amusants\"]');

-- --------------------------------------------------------

--
-- Table structure for table `list_likes`
--

DROP TABLE IF EXISTS `list_likes`;
CREATE TABLE IF NOT EXISTS `list_likes` (
  `id` int NOT NULL AUTO_INCREMENT,
  `list_id` int NOT NULL,
  `user_id` int NOT NULL,
  `created_at` datetime NOT NULL DEFAULT CURRENT_TIMESTAMP,
  PRIMARY KEY (`id`)
) ENGINE=MyISAM AUTO_INCREMENT=3 DEFAULT CHARSET=utf8mb4  ;

-- --------------------------------------------------------

--
-- Table structure for table `rewards`
--

DROP TABLE IF EXISTS `rewards`;
CREATE TABLE IF NOT EXISTS `rewards` (
  `id` int NOT NULL AUTO_INCREMENT,
  `user_id` int NOT NULL,
  `created_at` datetime NOT NULL DEFAULT CURRENT_TIMESTAMP,
  PRIMARY KEY (`id`)
) ENGINE=MyISAM DEFAULT CHARSET=utf8mb4  ;

-- --------------------------------------------------------

--
-- Table structure for table `routes_log`
--

DROP TABLE IF EXISTS `routes_log`;
CREATE TABLE IF NOT EXISTS `routes_log` (
  `id` int NOT NULL AUTO_INCREMENT,
  `user_id` int NOT NULL,
  `route` varchar(200) NOT NULL,
  `time_passed` int NOT NULL,
  `created_at` datetime NOT NULL,
  PRIMARY KEY (`id`)
) ENGINE=MyISAM AUTO_INCREMENT=109 DEFAULT CHARSET=utf8mb4  ;

--
-- Dumping data for table `routes_log`
--

INSERT INTO `routes_log` (`user_id`, `route`, `time_passed`) VALUES
(1, '/dashboard/profile/list/18', 20),
(20, '/dashboard/profile/list/14', 4),
(24, '/dashboard/profile/list/11', 5),
(2, '/dashboard/profile/list/7', 45),
(3, '/dashboard/profile/list/23', 12),
(4, '/dashboard/profile/list/9', 78),
(5, '/dashboard/profile/list/30', 33),
(6, '/dashboard/profile/list/2', 17),
(7, '/dashboard/profile/list/25', 56),
(8, '/dashboard/profile/list/16', 29),
(9, '/dashboard/profile/list/4', 41),
(10, '/dashboard/profile/list/21', 8),
(11, '/dashboard/profile/list/6', 94),
(12, '/dashboard/profile/list/19', 26),
(13, '/dashboard/profile/list/33', 11),
(14, '/dashboard/profile/list/13', 63),
(15, '/dashboard/profile/list/10', 37),
(16, '/dashboard/profile/list/3', 22),
(17, '/dashboard/profile/list/32', 9),
(18, '/dashboard/profile/list/27', 51),
(19, '/dashboard/profile/list/5', 45),
(21, '/dashboard/profile/list/1', 18),
(22, '/dashboard/profile/list/28', 36),
(23, '/dashboard/profile/list/15', 72),
(25, '/dashboard/profile/list/8', 19),
(26, '/dashboard/profile/list/20', 25),
(27, '/dashboard/profile/list/29', 7),
(28, '/dashboard/profile/list/22', 42),
(29, '/dashboard/profile/list/12', 58),
(30, '/dashboard/profile/list/31', 15),
(31, '/dashboard/profile/list/17', 38),
(32, '/dashboard/profile/list/26', 23),
(33, '/dashboard/profile/list/2', 66),
(34, '/dashboard/profile/list/13', 47),
(35, '/dashboard/profile/list/10', 14),
(36, '/dashboard/profile/list/3', 31),
(37, '/dashboard/profile/list/32', 82),
(38, '/dashboard/profile/list/27', 29),
(39, '/dashboard/profile/list/5', 56),
(40, '/dashboard/profile/list/1', 37),
(41, '/dashboard/profile/list/28', 24),
(42, '/dashboard/profile/list/15', 13),
(43, '/dashboard/profile/list/8', 57),
(44, '/dashboard/profile/list/20', 23),
(45, '/dashboard/profile/list/29', 45),
(46, '/dashboard/profile/list/22', 17),
(47, '/dashboard/profile/list/12', 39),
(48, '/dashboard/profile/list/31', 28),
(49, '/dashboard/profile/list/17', 63),
(50, '/dashboard/profile/list/26', 34),
(2, '/dashboard/profile/list/18', 91),
(3, '/dashboard/profile/list/14', 25),
(4, '/dashboard/profile/list/11', 12),
(5, '/dashboard/profile/list/7', 39),
(6, '/dashboard/profile/list/23', 17),
(7, '/dashboard/profile/list/9', 58),
(8, '/dashboard/profile/list/30', 26),
(9, '/dashboard/profile/list/2', 47),
(10, '/dashboard/profile/list/25', 34),
(11, '/dashboard/profile/list/16', 16),
(12, '/dashboard/profile/list/4', 29),
(13, '/dashboard/profile/list/21', 8),
(14, '/dashboard/profile/list/6', 55),
(15, '/dashboard/profile/list/19', 32),
(16, '/dashboard/profile/list/33', 44),
(17, '/dashboard/profile/list/13', 9),
(18, '/dashboard/profile/list/10', 75),
(19, '/dashboard/profile/list/3', 24),
(21, '/dashboard/profile/list/32', 13),
(22, '/dashboard/profile/list/27', 41),
(23, '/dashboard/profile/list/5', 28),
(25, '/dashboard/profile/list/1', 51),
(26, '/dashboard/profile/list/28', 26),
(27, '/dashboard/profile/list/15', 38),
(28, '/dashboard/profile/list/8', 47),
(29, '/dashboard/profile/list/20', 19),
(30, '/dashboard/profile/list/29', 37),
(31, '/dashboard/profile/list/22', 64),
(32, '/dashboard/profile/list/12', 55),
(33, '/dashboard/profile/list/31', 8),
(34, '/dashboard/profile/list/17', 37),
(35, '/dashboard/profile/list/26', 21),
(36, '/dashboard/profile/list/18', 48),
(37, '/dashboard/profile/list/14', 9),
(38, '/dashboard/profile/list/11', 25),
(39, '/dashboard/profile/list/7', 61),
(40, '/dashboard/profile/list/23', 14),
(41, '/dashboard/profile/list/9', 37),
(42, '/dashboard/profile/list/30', 45),
(43, '/dashboard/profile/list/2', 27),
(44, '/dashboard/profile/list/25', 32),
(45, '/dashboard/profile/list/16', 13),
(46, '/dashboard/profile/list/4', 19),
(47, '/dashboard/profile/list/21', 56),
(48, '/dashboard/profile/list/6', 28),
(49, '/dashboard/profile/list/19', 49),
(50, '/dashboard/profile/list/33', 37),
(2, '/dashboard/profile/list/13', 22),
(3, '/dashboard/profile/list/10', 66),
(4, '/dashboard/profile/list/3', 39),
(5, '/dashboard/profile/list/32', 18),
(6, '/dashboard/profile/list/27', 29),
(7, '/dashboard/profile/list/5', 14),
(8, '/dashboard/profile/list/1', 37),
(9, '/dashboard/profile/list/28', 46),
(10, '/dashboard/profile/list/15', 27),
(11, '/dashboard/profile/list/8', 33),
(12, '/dashboard/profile/list/20', 71),
(13, '/dashboard/profile/list/29', 24),
(14, '/dashboard/profile/list/22', 13),
(15, '/dashboard/profile/list/12', 19),
(16, '/dashboard/profile/list/31', 52),
(17, '/dashboard/profile/list/17', 37),
(18, '/dashboard/profile/list/26', 42),
(19, '/dashboard/profile/list/18', 16),
(21, '/dashboard/profile/list/14', 29),
(22, '/dashboard/profile/list/11', 35),
(23, '/dashboard/profile/list/7', 62),
(25, '/dashboard/profile/list/23', 14),
(26, '/dashboard/profile/list/9', 38),
(27, '/dashboard/profile/list/30', 45),
(28, '/dashboard/profile/list/2', 27),
(29, '/dashboard/profile/list/25', 36),
(30, '/dashboard/profile/list/16', 13),
(31, '/dashboard/profile/list/4', 19),
(32, '/dashboard/profile/list/21', 51),
(33, '/dashboard/profile/list/6', 24),
(34, '/dashboard/profile/list/19', 38),
(35, '/dashboard/profile/list/33', 67),
(36, '/dashboard/profile/list/13', 21),
(37, '/dashboard/profile/list/10', 36),
(38, '/dashboard/profile/list/3', 48),
(39, '/dashboard/profile/list/32', 19),
(40, '/dashboard/profile/list/27', 28),
(41, '/dashboard/profile/list/5', 57),
(42, '/dashboard/profile/list/1', 37),
(43, '/dashboard/profile/list/28', 22),
(44, '/dashboard/profile/list/15', 39),
(45, '/dashboard/profile/list/8', 41),
(46, '/dashboard/profile/list/20', 67),
(47, '/dashboard/profile/list/29', 32),
(48, '/dashboard/profile/list/22', 11),
(49, '/dashboard/profile/list/12', 24),
(50, '/dashboard/profile/list/31', 58),
(2, '/dashboard/profile/list/17', 27),
(3, '/dashboard/profile/list/26', 46),
(4, '/dashboard/profile/list/18', 51),
(5, '/dashboard/profile/list/14', 29),
(6, '/dashboard/profile/list/11', 19),
(7, '/dashboard/profile/list/7', 37),
(8, '/dashboard/profile/list/23', 64),
(9, '/dashboard/profile/list/9', 33),
(10, '/dashboard/profile/list/30', 47),
(11, '/dashboard/profile/list/2', 28),
(12, '/dashboard/profile/list/25', 33),
(13, '/dashboard/profile/list/16', 14),
(14, '/dashboard/profile/list/4', 27),
(15, '/dashboard/profile/list/21', 51),
(16, '/dashboard/profile/list/6', 36),
(17, '/dashboard/profile/list/19', 18),
(18, '/dashboard/profile/list/33', 27),
(19, '/dashboard/profile/list/13', 46),
(21, '/dashboard/profile/list/10', 29),
(22, '/dashboard/profile/list/3', 44),
(23, '/dashboard/profile/list/32', 18),
(25, '/dashboard/profile/list/27', 36),
(26, '/dashboard/profile/list/5', 17),
(27, '/dashboard/profile/list/1', 62),
(28, '/dashboard/profile/list/28', 14),
(29, '/dashboard/profile/list/15', 38),
(30, '/dashboard/profile/list/8', 49),
(31, '/dashboard/profile/list/20', 22),
(32, '/dashboard/profile/list/29', 31),
(33, '/dashboard/profile/list/22', 27),
(34, '/dashboard/profile/list/12', 19),
(35, '/dashboard/profile/list/31', 57),
(36, '/dashboard/profile/list/17', 28),
(37, '/dashboard/profile/list/26', 45),
(38, '/dashboard/profile/list/18', 52),
(39, '/dashboard/profile/list/14', 29),
(40, '/dashboard/profile/list/11', 19),
(41, '/dashboard/profile/list/7', 36),
(42, '/dashboard/profile/list/23', 65),
(43, '/dashboard/profile/list/9', 34),
(44, '/dashboard/profile/list/30', 48),
(45, '/dashboard/profile/list/2', 27),
(46, '/dashboard/profile/list/25', 34),
(47, '/dashboard/profile/list/16', 15),
(48, '/dashboard/profile/list/4', 28),
(49, '/dashboard/profile/list/21', 50),
(50, '/dashboard/profile/list/6', 35),
(2, '/dashboard/profile/list/19', 19),
(3, '/dashboard/profile/list/33', 28),
(4, '/dashboard/profile/list/13', 45),
(5, '/dashboard/profile/list/10', 30),
(6, '/dashboard/profile/list/3', 43),
(7, '/dashboard/profile/list/32', 17),
(8, '/dashboard/profile/list/27', 35),
(9, '/dashboard/profile/list/5', 18),
(10, '/dashboard/profile/list/1', 63),
(11, '/dashboard/profile/list/28', 13),
(12, '/dashboard/profile/list/15', 37),
(13, '/dashboard/profile/list/8', 50),
(14, '/dashboard/profile/list/20', 23),
(15, '/dashboard/profile/list/29', 30),
(16, '/dashboard/profile/list/22', 28),
(17, '/dashboard/profile/list/12', 20),
(18, '/dashboard/profile/list/31', 56),
(19, '/dashboard/profile/list/17', 29),
(21, '/dashboard/profile/list/26', 47),
(22, '/dashboard/profile/list/18', 53),
(23, '/dashboard/profile/list/14', 28),
(25, '/dashboard/profile/list/11', 20),
(26, '/dashboard/profile/list/7', 35),
(27, '/dashboard/profile/list/23', 66),
(28, '/dashboard/profile/list/9', 35),
(29, '/dashboard/profile/list/30', 49),
(30, '/dashboard/profile/list/2', 26),
(31, '/dashboard/profile/list/25', 35),
(32, '/dashboard/profile/list/16', 16),
(33, '/dashboard/profile/list/4', 29),
(34, '/dashboard/profile/list/21', 49),
(35, '/dashboard/profile/list/6', 36),
(36, '/dashboard/profile/list/19', 20),
(37, '/dashboard/profile/list/33', 29),
(38, '/dashboard/profile/list/13', 44),
(39, '/dashboard/profile/list/10', 31),
(40, '/dashboard/profile/list/3', 42),
(41, '/dashboard/profile/list/32', 16),
(42, '/dashboard/profile/list/27', 34),
(43, '/dashboard/profile/list/5', 19),
(44, '/dashboard/profile/list/1', 64),
(45, '/dashboard/profile/list/28', 12),
(46, '/dashboard/profile/list/15', 36),
(47, '/dashboard/profile/list/8', 51),
(48, '/dashboard/profile/list/20', 24),
(49, '/dashboard/profile/list/29', 29),
(50, '/dashboard/profile/list/22', 29),
(2, '/dashboard/profile/list/12', 21),
(3, '/dashboard/profile/list/31', 55),
(4, '/dashboard/profile/list/17', 30),
(5, '/dashboard/profile/list/26', 48),
(6, '/dashboard/profile/list/18', 54),
(7, '/dashboard/profile/list/14', 27),
(8, '/dashboard/profile/list/11', 21),
(9, '/dashboard/profile/list/7', 34),
(10, '/dashboard/profile/list/23', 67),
(11, '/dashboard/profile/list/9', 36),
(12, '/dashboard/profile/list/30', 50),
(13, '/dashboard/profile/list/2', 25),
(14, '/dashboard/profile/list/25', 36),
(15, '/dashboard/profile/list/16', 17),
(16, '/dashboard/profile/list/4', 30),
(17, '/dashboard/profile/list/21', 48),
(18, '/dashboard/profile/list/6', 37),
(19, '/dashboard/profile/list/19', 21),
(21, '/dashboard/profile/list/33', 30),
(22, '/dashboard/profile/list/13', 43),
(23, '/dashboard/profile/list/10', 32),
(25, '/dashboard/profile/list/3', 41),
(26, '/dashboard/profile/list/32', 15),
(27, '/dashboard/profile/list/27', 33),
(28, '/dashboard/profile/list/5', 20),
(29, '/dashboard/profile/list/1', 65),
(30, '/dashboard/profile/list/28', 11),
(31, '/dashboard/profile/list/15', 35),
(32, '/dashboard/profile/list/8', 52),
(33, '/dashboard/profile/list/20', 25),
(34, '/dashboard/profile/list/29', 28),
(35, '/dashboard/profile/list/22', 30),
(36, '/dashboard/profile/list/12', 22),
(37, '/dashboard/profile/list/31', 54),
(38, '/dashboard/profile/list/17', 31),
(39, '/dashboard/profile/list/26', 49),
(40, '/dashboard/profile/list/18', 55),
(41, '/dashboard/profile/list/14', 26),
(42, '/dashboard/profile/list/11', 22),
(43, '/dashboard/profile/list/7', 33),
(44, '/dashboard/profile/list/23', 68),
(45, '/dashboard/profile/list/9', 37),
(46, '/dashboard/profile/list/30', 51),
(47, '/dashboard/profile/list/2', 24),
(48, '/dashboard/profile/list/25', 37),
(49, '/dashboard/profile/list/16', 18),
(50, '/dashboard/profile/list/4', 31),
(2, '/dashboard/profile/list/21', 48),
(3, '/dashboard/profile/list/6', 36),
(4, '/dashboard/profile/list/19', 22),
(5, '/dashboard/profile/list/33', 31),
(6, '/dashboard/profile/list/13', 42),
(7, '/dashboard/profile/list/10', 33),
(8, '/dashboard/profile/list/3', 40),
(9, '/dashboard/profile/list/32', 14),
(10, '/dashboard/profile/list/27', 32),
(11, '/dashboard/profile/list/5', 21),
(12, '/dashboard/profile/list/1', 66),
(13, '/dashboard/profile/list/28', 10),
(14, '/dashboard/profile/list/15', 34),
(15, '/dashboard/profile/list/8', 53),
(16, '/dashboard/profile/list/20', 26),
(17, '/dashboard/profile/list/29', 27),
(18, '/dashboard/profile/list/22', 31),
(19, '/dashboard/profile/list/12', 23),
(21, '/dashboard/profile/list/31', 53),
(22, '/dashboard/profile/list/17', 32),
(23, '/dashboard/profile/list/26', 50),
(25, '/dashboard/profile/list/18', 56),
(26, '/dashboard/profile/list/14', 25),
(27, '/dashboard/profile/list/11', 23),
(28, '/dashboard/profile/list/7', 32),
(29, '/dashboard/profile/list/23', 69),
(30, '/dashboard/profile/list/9', 38),
(31, '/dashboard/profile/list/30', 52),
(32, '/dashboard/profile/list/2', 23),
(33, '/dashboard/profile/list/25', 38),
(34, '/dashboard/profile/list/16', 19),
(35, '/dashboard/profile/list/4', 32),
(36, '/dashboard/profile/list/21', 47),
(37, '/dashboard/profile/list/6', 35),
(38, '/dashboard/profile/list/19', 23),
(39, '/dashboard/profile/list/33', 32),
(40, '/dashboard/profile/list/13', 41),
(41, '/dashboard/profile/list/10', 34),
(42, '/dashboard/profile/list/3', 39),
(43, '/dashboard/profile/list/32', 13),
(44, '/dashboard/profile/list/27', 31),
(45, '/dashboard/profile/list/5', 22),
(46, '/dashboard/profile/list/1', 67),
(47, '/dashboard/profile/list/28', 9),
(48, '/dashboard/profile/list/15', 33),
(49, '/dashboard/profile/list/8', 54),
(50, '/dashboard/profile/list/20', 27),
(2, '/dashboard/profile/list/29', 26),
(3, '/dashboard/profile/list/22', 32),
(4, '/dashboard/profile/list/12', 24),
(5, '/dashboard/profile/list/31', 52),
(6, '/dashboard/profile/list/17', 33),
(7, '/dashboard/profile/list/26', 51),
(8, '/dashboard/profile/list/18', 57),
(9, '/dashboard/profile/list/14', 24),
(10, '/dashboard/profile/list/11', 24),
(11, '/dashboard/profile/list/7', 31),
(12, '/dashboard/profile/list/23', 70),
(13, '/dashboard/profile/list/9', 39),
(14, '/dashboard/profile/list/30', 53),
(15, '/dashboard/profile/list/2', 22),
(16, '/dashboard/profile/list/25', 39),
(17, '/dashboard/profile/list/16', 20),
(18, '/dashboard/profile/list/4', 33),
(19, '/dashboard/profile/list/21', 46),
(21, '/dashboard/profile/list/6', 34),
(22, '/dashboard/profile/list/19', 24);




-- --------------------------------------------------------

--
-- Table structure for table `subscriptions`
--

DROP TABLE IF EXISTS `subscriptions`;
CREATE TABLE IF NOT EXISTS `subscriptions` (
  `id` int NOT NULL AUTO_INCREMENT,
  `user_id` int NOT NULL,
  `subscribed_to` int NOT NULL,
  `created_at` datetime NOT NULL DEFAULT CURRENT_TIMESTAMP,
  PRIMARY KEY (`id`)
) ENGINE=MyISAM AUTO_INCREMENT=19 DEFAULT CHARSET=utf8mb4  ;

--
-- Dumping data for table `subscriptions`
--

INSERT INTO `subscriptions` (`user_id`, `subscribed_to`) VALUES
(1, 2),
(1, 20),
(1, 24),
(2, 1),
(2, 3),
(2, 4),
(3, 2),
(3, 5),
(3, 6),
(4, 3),
(4, 7),
(4, 8),
(5, 4),
(5, 9),
(5, 10),
(6, 5),
(6, 11),
(6, 12),
(7, 6),
(7, 13),
(7, 14),
(8, 7),
(8, 15),
(8, 16),
(9, 8),
(9, 17),
(9, 18),
(10, 9),
(10, 19),
(10, 20),
(11, 10),
(11, 21),
(11, 22),
(12, 11),
(12, 23),
(12, 24),
(13, 12),
(13, 25),
(13, 26),
(14, 13),
(14, 27),
(14, 28),
(15, 14),
(15, 29),
(15, 30),
(16, 15),
(16, 31),
(16, 32),
(17, 16),
(17, 33),
(17, 34),
(18, 17),
(18, 35),
(18, 36),
(19, 18),
(19, 37),
(19, 38),
(20, 19),
(20, 39),
(20, 40);


-- --------------------------------------------------------

--
-- Table structure for table `users`
--

DROP TABLE IF EXISTS `users`;
CREATE TABLE IF NOT EXISTS `users` (
  `id` int NOT NULL AUTO_INCREMENT,
  `name` varchar(100) NOT NULL,
  `birthday` date NOT NULL,
  `lvl` int DEFAULT '1',
  `email` varchar(500) NOT NULL,
  `password` varchar(500) NOT NULL,
  `2fa` tinyint(1) NOT NULL DEFAULT '0',
  `public` tinyint(1) NOT NULL,
  `picture` varchar(100) NOT NULL,
  `banned` int NOT NULL DEFAULT '0',
  `banned_for` varchar(500) DEFAULT NULL,
  `activated` tinyint(1) NOT NULL DEFAULT '0',
  `password_recovery_session` datetime DEFAULT NULL,
  `created_at` datetime NOT NULL DEFAULT CURRENT_TIMESTAMP,
  `updated_at` datetime NOT NULL DEFAULT CURRENT_TIMESTAMP ON UPDATE CURRENT_TIMESTAMP,
  PRIMARY KEY (`id`),
  UNIQUE KEY `EMAIL` (`email`)
) ENGINE=MyISAM AUTO_INCREMENT=55 DEFAULT CHARSET=latin1;

--
-- Dumping data for table `users`
--

INSERT INTO `users` (`id`, `name`, `birthday`, `lvl`, `email`, `password`, `2fa`, `public`, `picture`, `banned`, `banned_for`, `activated`, `password_recovery_session`, `created_at`, `updated_at`) VALUES
(1, 'Word Quest', '1970-01-01', 1, 'dev.hpktz@gmail.com', '$2b$12$4Md0fNJRvb0VLOWHzHKdxe9JtBK3nD3OAe40t5ow3ji632f0lL3gK', 0, 1, 'picture-13', 0, NULL, 1, NULL, '2024-02-21 16:17:42', '2024-03-02 11:51:54'),
(2, 'John Doe', '1985-07-15', 1, 'john.doe@example.com', '$2y$10$jSG62TeY.VQzopjF0UqIh.YRDml6Z9g2ML3AZqa6uoiqlNjI0P4my', 0, 1, 'picture-7', 0, NULL, 1, '0000-00-00 00:00:00', '2024-02-21 16:21:16', '2024-02-21 16:39:19'),
(3, 'Jane Smith', '1990-05-20', 1, 'jane.smith@example.com', '$2y$10$jSG62TeY.VQzopjF0UqIh.YRDml6Z9g2ML3AZqa6uoiqlNjI0P4my', 0, 1, 'picture-1', 0, NULL, 1, '0000-00-00 00:00:00', '2024-02-21 16:21:16', '2024-02-21 16:36:49'),
(4, 'Alice Johnson', '1988-12-10', 1, 'alice.johnson@example.com', '$2y$10$jSG62TeY.VQzopjF0UqIh.YRDml6Z9g2ML3AZqa6uoiqlNjI0P4my', 0, 1, 'picture-4', 0, NULL, 1, '0000-00-00 00:00:00', '2024-02-21 16:21:16', '2024-02-21 16:36:49'),
(5, 'Bob Brown', '1995-03-25', 1, 'bob.brown@example.com', '$2y$10$jSG62TeY.VQzopjF0UqIh.YRDml6Z9g2ML3AZqa6uoiqlNjI0P4my', 0, 1, 'picture-6', 0, NULL, 1, '0000-00-00 00:00:00', '2024-02-21 16:21:16', '2024-02-21 16:36:49'),
(6, 'Emily Davis', '1983-09-08', 1, 'emily.davis@example.com', '$2y$10$jSG62TeY.VQzopjF0UqIh.YRDml6Z9g2ML3AZqa6uoiqlNjI0P4my', 0, 1, 'picture-2', 0, NULL, 1, '0000-00-00 00:00:00', '2024-02-21 16:21:16', '2024-02-21 16:36:49'),
(7, 'Michael Wilson', '1980-11-30', 1, 'michael.wilson@example.com', '$2y$10$jSG62TeY.VQzopjF0UqIh.YRDml6Z9g2ML3AZqa6uoiqlNjI0P4my', 0, 1, 'picture-12', 0, NULL, 1, '0000-00-00 00:00:00', '2024-02-21 16:21:16', '2024-02-21 16:36:49'),
(8, 'Sarah Martinez', '1992-04-18', 1, 'sarah.martinez@example.com', '$2y$10$jSG62TeY.VQzopjF0UqIh.YRDml6Z9g2ML3AZqa6uoiqlNjI0P4my', 0, 1, 'picture-8', 0, NULL, 1, '0000-00-00 00:00:00', '2024-02-21 16:21:16', '2024-02-21 16:36:49'),
(9, 'David Lee', '1987-06-22', 1, 'david.lee@example.com', '$2y$10$jSG62TeY.VQzopjF0UqIh.YRDml6Z9g2ML3AZqa6uoiqlNjI0P4my', 0, 1, 'picture-10', 0, NULL, 1, '0000-00-00 00:00:00', '2024-02-21 16:21:16', '2024-02-21 16:36:49'),
(10, 'Jennifer Lopez', '1986-08-05', 1, 'jennifer.lopez@example.com', '$2y$10$jSG62TeY.VQzopjF0UqIh.YRDml6Z9g2ML3AZqa6uoiqlNjI0P4my', 0, 1, 'picture-5', 0, NULL, 1, '0000-00-00 00:00:00', '2024-02-21 16:21:16', '2024-02-21 16:36:49'),
(11, 'Matthew Clark', '1993-01-12', 1, 'matthew.clark@example.com', '$2y$10$jSG62TeY.VQzopjF0UqIh.YRDml6Z9g2ML3AZqa6uoiqlNjI0P4my', 0, 1, 'picture-11', 0, NULL, 1, '0000-00-00 00:00:00', '2024-02-21 16:21:16', '2024-02-21 16:36:49'),
(12, 'Jessica Rodriguez', '1984-10-28', 1, 'jessica.rodriguez@example.com', '$2y$10$jSG62TeY.VQzopjF0UqIh.YRDml6Z9g2ML3AZqa6uoiqlNjI0P4my', 0, 1, 'picture-2', 0, NULL, 1, '0000-00-00 00:00:00', '2024-02-21 16:21:16', '2024-02-21 16:36:49'),
(13, 'Daniel Lewis', '1982-02-14', 1, 'daniel.lewis@example.com', '$2y$10$jSG62TeY.VQzopjF0UqIh.YRDml6Z9g2ML3AZqa6uoiqlNjI0P4my', 0, 1, 'picture-12', 0, NULL, 1, '0000-00-00 00:00:00', '2024-02-21 16:21:16', '2024-02-21 16:36:49'),
(14, 'Amanda Hall', '1991-07-01', 1, 'amanda.hall@example.com', '$2y$10$jSG62TeY.VQzopjF0UqIh.YRDml6Z9g2ML3AZqa6uoiqlNjI0P4my', 0, 1, 'picture-8', 0, NULL, 1, '0000-00-00 00:00:00', '2024-02-21 16:21:16', '2024-02-21 16:36:49'),
(15, 'James Young', '1989-03-17', 1, 'james.young@example.com', '$2y$10$jSG62TeY.VQzopjF0UqIh.YRDml6Z9g2ML3AZqa6uoiqlNjI0P4my', 0, 1, 'picture-6', 0, NULL, 1, '0000-00-00 00:00:00', '2024-02-21 16:21:16', '2024-02-21 16:36:49'),
(16, 'Laura Allen', '1981-12-05', 1, 'laura.allen@example.com', '$2y$10$jSG62TeY.VQzopjF0UqIh.YRDml6Z9g2ML3AZqa6uoiqlNjI0P4my', 0, 1, 'picture-1', 0, NULL, 1, '0000-00-00 00:00:00', '2024-02-21 16:21:16', '2024-02-21 16:36:49'),
(17, 'Christopher Hernandez', '1994-05-23', 1, 'christopher.hernandez@example.com', '$2y$10$jSG62TeY.VQzopjF0UqIh.YRDml6Z9g2ML3AZqa6uoiqlNjI0P4my', 0, 1, 'picture-10', 0, NULL, 1, '0000-00-00 00:00:00', '2024-02-21 16:21:16', '2024-02-21 16:36:49'),
(18, 'Ashley King', '1986-09-10', 1, 'ashley.king@example.com', '$2y$10$jSG62TeY.VQzopjF0UqIh.YRDml6Z9g2ML3AZqa6uoiqlNjI0P4my', 0, 1, 'picture-5', 0, NULL, 1, '0000-00-00 00:00:00', '2024-02-21 16:21:16', '2024-02-21 16:36:49'),
(19, 'Joshua Wright', '1980-10-18', 1, 'joshua.wright@example.com', '$2y$10$jSG62TeY.VQzopjF0UqIh.YRDml6Z9g2ML3AZqa6uoiqlNjI0P4my', 0, 1, 'picture-7', 0, NULL, 1, '0000-00-00 00:00:00', '2024-02-21 16:21:16', '2024-02-21 16:36:49'),
(20, 'Brittany Scott', '1992-11-02', 1, 'brittany.scott@example.com', '$2y$10$jSG62TeY.VQzopjF0UqIh.YRDml6Z9g2ML3AZqa6uoiqlNjI0P4my', 0, 1, 'picture-3', 0, NULL, 1, '0000-00-00 00:00:00', '2024-02-21 16:21:16', '2024-02-21 16:36:49'),
(21, 'Kevin Green', '1988-02-28', 1, 'kevin.green@example.com', '$2y$10$jSG62TeY.VQzopjF0UqIh.YRDml6Z9g2ML3AZqa6uoiqlNjI0P4my', 0, 1, 'picture-11', 0, NULL, 1, '0000-00-00 00:00:00', '2024-02-21 16:21:16', '2024-02-21 16:36:49'),
(22, 'Stephanie Baker', '1985-06-15', 1, 'stephanie.baker@example.com', '$2y$10$jSG62TeY.VQzopjF0UqIh.YRDml6Z9g2ML3AZqa6uoiqlNjI0P4my', 0, 1, 'picture-5', 0, NULL, 1, '0000-00-00 00:00:00', '2024-02-21 16:21:16', '2024-02-21 16:36:49'),
(23, 'Justin Adams', '1990-04-30', 1, 'justin.adams@example.com', '$2y$10$jSG62TeY.VQzopjF0UqIh.YRDml6Z9g2ML3AZqa6uoiqlNjI0P4my', 0, 1, 'picture-7', 0, NULL, 1, '0000-00-00 00:00:00', '2024-02-21 16:21:16', '2024-02-21 16:36:49'),
(24, 'Megan Wright', '1983-08-11', 1, 'megan.wright@example.com', '$2y$10$jSG62TeY.VQzopjF0UqIh.YRDml6Z9g2ML3AZqa6uoiqlNjI0P4my', 0, 1, 'picture-8', 0, NULL, 1, '0000-00-00 00:00:00', '2024-02-21 16:21:16', '2024-02-21 16:36:49'),
(25, 'Brandon Foster', '1981-01-25', 1, 'brandon.foster@example.com', '$2y$10$jSG62TeY.VQzopjF0UqIh.YRDml6Z9g2ML3AZqa6uoiqlNjI0P4my', 0, 1, 'picture-10', 0, NULL, 1, '0000-00-00 00:00:00', '2024-02-21 16:21:16', '2024-02-21 16:36:49'),
(26, 'Heather Peterson', '1993-03-07', 1, 'heather.peterson@example.com', '$2y$10$jSG62TeY.VQzopjF0UqIh.YRDml6Z9g2ML3AZqa6uoiqlNjI0P4my', 0, 1, 'picture-3', 0, NULL, 1, '0000-00-00 00:00:00', '2024-02-21 16:21:16', '2024-02-21 16:36:49'),
(27, 'Andrew Morgan', '1987-10-22', 1, 'andrew.morgan@example.com', '$2y$10$jSG62TeY.VQzopjF0UqIh.YRDml6Z9g2ML3AZqa6uoiqlNjI0P4my', 0, 1, 'picture-12', 0, NULL, 1, '0000-00-00 00:00:00', '2024-02-21 16:21:16', '2024-02-21 16:36:49'),
(28, 'Nicole Ross', '1989-09-09', 1, 'nicole.ross@example.com', '$2y$10$jSG62TeY.VQzopjF0UqIh.YRDml6Z9g2ML3AZqa6uoiqlNjI0P4my', 0, 1, 'picture-8', 0, NULL, 1, '0000-00-00 00:00:00', '2024-02-21 16:21:16', '2024-02-21 16:36:49'),
(29, 'Adam Morris', '1984-04-14', 1, 'adam.morris@example.com', '$2y$10$jSG62TeY.VQzopjF0UqIh.YRDml6Z9g2ML3AZqa6uoiqlNjI0P4my', 0, 1, 'picture-6', 0, NULL, 1, '0000-00-00 00:00:00', '2024-02-21 16:21:16', '2024-02-21 16:36:49'),
(30, 'Kelly Rivera', '1991-12-01', 1, 'kelly.rivera@example.com', '$2y$10$jSG62TeY.VQzopjF0UqIh.YRDml6Z9g2ML3AZqa6uoiqlNjI0P4my', 0, 1, 'picture-5', 0, NULL, 1, '0000-00-00 00:00:00', '2024-02-21 16:21:16', '2024-02-21 16:36:49'),
(31, 'Ryan Ward', '1982-05-18', 1, 'ryan.ward@example.com', '$2y$10$jSG62TeY.VQzopjF0UqIh.YRDml6Z9g2ML3AZqa6uoiqlNjI0P4my', 0, 1, 'picture-6', 0, NULL, 1, '0000-00-00 00:00:00', '2024-02-21 16:21:16', '2024-02-21 16:36:49'),
(32, 'Rebecca Cooper', '1986-11-03', 1, 'rebecca.cooper@example.com', '$2y$10$jSG62TeY.VQzopjF0UqIh.YRDml6Z9g2ML3AZqa6uoiqlNjI0P4my', 0, 1, 'picture-8', 0, NULL, 1, '0000-00-00 00:00:00', '2024-02-21 16:21:16', '2024-02-21 16:36:49'),
(33, 'Timothy Richardson', '1980-07-16', 1, 'timothy.richardson@example.com', '$2y$10$jSG62TeY.VQzopjF0UqIh.YRDml6Z9g2ML3AZqa6uoiqlNjI0P4my', 0, 1, 'picture-12', 0, NULL, 1, '0000-00-00 00:00:00', '2024-02-21 16:21:16', '2024-02-21 16:36:49'),
(34, 'Rachel Morgan', '1994-02-28', 1, 'rachel.morgan@example.com', '$2y$10$jSG62TeY.VQzopjF0UqIh.YRDml6Z9g2ML3AZqa6uoiqlNjI0P4my', 0, 1, 'picture-1', 0, NULL, 1, '0000-00-00 00:00:00', '2024-02-21 16:21:16', '2024-02-21 16:36:49'),
(35, 'Tyler Cox', '1988-10-15', 1, 'tyler.cox@example.com', '$2y$10$jSG62TeY.VQzopjF0UqIh.YRDml6Z9g2ML3AZqa6uoiqlNjI0P4my', 0, 1, 'picture-10', 0, NULL, 1, '0000-00-00 00:00:00', '2024-02-21 16:21:16', '2024-02-21 16:36:49'),
(36, 'Samantha Bailey', '1983-04-11', 1, 'samantha.bailey@example.com', '$2y$10$jSG62TeY.VQzopjF0UqIh.YRDml6Z9g2ML3AZqa6uoiqlNjI0P4my', 0, 1, 'picture-3', 0, NULL, 1, '0000-00-00 00:00:00', '2024-02-21 16:21:16', '2024-02-21 16:36:49'),
(37, 'Nathan Howard', '1992-08-20', 1, 'nathan.howard@example.com', '$2y$10$jSG62TeY.VQzopjF0UqIh.YRDml6Z9g2ML3AZqa6uoiqlNjI0P4my', 0, 1, 'picture-12', 0, NULL, 1, '0000-00-00 00:00:00', '2024-02-21 16:21:16', '2024-02-21 16:36:49'),
(38, 'Cassandra Long', '1981-01-03', 1, 'cassandra.long@example.com', '$2y$10$jSG62TeY.VQzopjF0UqIh.YRDml6Z9g2ML3AZqa6uoiqlNjI0P4my', 0, 1, 'picture-1', 0, NULL, 1, '0000-00-00 00:00:00', '2024-02-21 16:21:16', '2024-02-21 16:36:49'),
(39, 'Patrick Hughes', '1989-06-25', 1, 'patrick.hughes@example.com', '$2y$10$jSG62TeY.VQzopjF0UqIh.YRDml6Z9g2ML3AZqa6uoiqlNjI0P4my', 0, 1, 'picture-11', 0, NULL, 1, '0000-00-00 00:00:00', '2024-02-21 16:21:16', '2024-02-21 16:36:49'),
(40, 'Christina Flores', '1984-09-09', 1, 'christina.flores@example.com', '$2y$10$jSG62TeY.VQzopjF0UqIh.YRDml6Z9g2ML3AZqa6uoiqlNjI0P4my', 0, 1, 'picture-5', 0, NULL, 1, '0000-00-00 00:00:00', '2024-02-21 16:21:16', '2024-02-21 16:36:49'),
(41, 'Dylan Russell', '1991-02-14', 1, 'dylan.russell@example.com', '$2y$10$jSG62TeY.VQzopjF0UqIh.YRDml6Z9g2ML3AZqa6uoiqlNjI0P4my', 0, 1, 'picture-7', 0, NULL, 1, '0000-00-00 00:00:00', '2024-02-21 16:21:16', '2024-02-21 16:36:49'),
(42, 'Courtney Diaz', '1987-11-30', 1, 'courtney.diaz@example.com', '$2y$10$jSG62TeY.VQzopjF0UqIh.YRDml6Z9g2ML3AZqa6uoiqlNjI0P4my', 0, 1, 'picture-8', 0, NULL, 1, '0000-00-00 00:00:00', '2024-02-21 16:21:16', '2024-02-21 16:36:49'),
(43, 'Jordan Simmons', '1980-04-15', 1, 'jordan.simmons@example.com', '$2y$10$jSG62TeY.VQzopjF0UqIh.YRDml6Z9g2ML3AZqa6uoiqlNjI0P4my', 0, 1, 'picture-9', 0, NULL, 1, '0000-00-00 00:00:00', '2024-02-21 16:21:16', '2024-02-21 16:36:49'),
(44, 'Victoria Kim', '1993-09-28', 1, 'victoria.kim@example.com', '$2y$10$jSG62TeY.VQzopjF0UqIh.YRDml6Z9g2ML3AZqa6uoiqlNjI0P4my', 0, 1, 'picture-2', 0, NULL, 1, '0000-00-00 00:00:00', '2024-02-21 16:21:16', '2024-02-21 16:36:49'),
(45, 'Zachary Ng', '1986-02-10', 1, 'zachary.ng@example.com', '$2y$10$jSG62TeY.VQzopjF0UqIh.YRDml6Z9g2ML3AZqa6uoiqlNjI0P4my', 0, 1, 'picture-9', 0, NULL, 1, '0000-00-00 00:00:00', '2024-02-21 16:21:16', '2024-02-21 16:36:49'),
(46, 'Monica Yu', '1982-06-22', 1, 'monica.yu@example.com', '$2y$10$jSG62TeY.VQzopjF0UqIh.YRDml6Z9g2ML3AZqa6uoiqlNjI0P4my', 0, 1, 'picture-2', 0, NULL, 1, '0000-00-00 00:00:00', '2024-02-21 16:21:16', '2024-02-21 16:36:49'),
(47, 'Jared Wang', '1990-12-10', 1, 'jared.wang@example.com', '$2y$10$jSG62TeY.VQzopjF0UqIh.YRDml6Z9g2ML3AZqa6uoiqlNjI0P4my', 0, 1, 'picture-10', 0, NULL, 1, '0000-00-00 00:00:00', '2024-02-21 16:21:16', '2024-02-21 16:36:49'),
(48, 'Paige Chen', '1985-03-25', 1, 'paige.chen@example.com', '$2y$10$jSG62TeY.VQzopjF0UqIh.YRDml6Z9g2ML3AZqa6uoiqlNjI0P4my', 0, 1, 'picture-4', 0, NULL, 1, '0000-00-00 00:00:00', '2024-02-21 16:21:16', '2024-02-21 16:36:49'),
(49, 'Philip Li', '1988-08-10', 1, 'philip.li@example.com', '$2y$10$jSG62TeY.VQzopjF0UqIh.YRDml6Z9g2ML3AZqa6uoiqlNjI0P4my', 0, 1, 'picture-12', 0, NULL, 1, '0000-00-00 00:00:00', '2024-02-21 16:21:16', '2024-02-21 16:36:49'),
(50, 'Grace Zhou', '1984-07-01', 1, 'grace.zhou@example.com', '$2y$10$jSG62TeY.VQzopjF0UqIh.YRDml6Z9g2ML3AZqa6uoiqlNjI0P4my', 0, 1, 'picture-3', 0, NULL, 1, '0000-00-00 00:00:00', '2024-02-21 16:21:16', '2024-02-21 16:36:49'),
(51, 'Erica Wong', '1991-04-18', 1, 'erica.wong@example.com', '$2y$10$jSG62TeY.VQzopjF0UqIh.YRDml6Z9g2ML3AZqa6uoiqlNjI0P4my', 0, 1, 'picture-1', 0, NULL, 1, '0000-00-00 00:00:00', '2024-02-21 16:21:16', '2024-02-21 16:36:49'),
(52, 'Alexander Wu', '1983-11-02', 1, 'alexander.wu@example.com', '$2y$10$jSG62TeY.VQzopjF0UqIh.YRDml6Z9g2ML3AZqa6uoiqlNjI0P4my', 0, 1, 'picture-10', 0, NULL, 1, '0000-00-00 00:00:00', '2024-02-21 16:21:16', '2024-02-21 16:36:49');

-- --------------------------------------------------------

--
-- Table structure for table `user_statements`
--

DROP TABLE IF EXISTS `user_statements`;
CREATE TABLE IF NOT EXISTS `user_statements` (
  `id` int NOT NULL AUTO_INCREMENT,
  `user_id` int NOT NULL,
  `transaction_type` varchar(10) NOT NULL,
  `transaction` int NOT NULL,
  `created_at` datetime NOT NULL DEFAULT CURRENT_TIMESTAMP,
  PRIMARY KEY (`id`)
) ENGINE=MyISAM AUTO_INCREMENT=17 DEFAULT CHARSET=utf8mb4  ;

--
-- Dumping data for table `user_statements`
--


INSERT INTO user_statements (id, user_id, transaction_type, transaction) VALUES
(1, 1, 'gems', 2500),
(2, 1, 'xp', 1200),
(3, 2, 'gems', 7800),
(4, 2, 'xp', 3000),
(5, 3, 'gems', 3200),
(6, 3, 'xp', 1500),
(7, 4, 'gems', 15000),
(8, 4, 'xp', 2500),
(9, 5, 'gems', 400),
(10, 5, 'xp', 800),
(11, 6, 'gems', 9000),
(12, 6, 'xp', 2000),
(13, 7, 'gems', 600),
(14, 7, 'xp', 500),
(15, 8, 'gems', 3300),
(16, 8, 'xp', 1600),
(17, 9, 'gems', 2500),
(18, 9, 'xp', 1200),
(19, 10, 'gems', 18000),
(20, 10, 'xp', 3500),
(21, 11, 'gems', 700),
(22, 11, 'xp', 800),
(23, 12, 'gems', 19000),
(24, 12, 'xp', 3800),
(25, 13, 'gems', 1400),
(26, 13, 'xp', 1800),
(27, 14, 'gems', 6000),
(28, 14, 'xp', 2200),
(29, 15, 'gems', 1200),
(30, 15, 'xp', 900),
(31, 16, 'gems', 3500),
(32, 16, 'xp', 1600),
(33, 17, 'gems', 250),
(34, 17, 'xp', 300),
(35, 18, 'gems', 30000),
(36, 18, 'xp', 3900),
(37, 19, 'gems', 2800),
(38, 19, 'xp', 2000),
(39, 20, 'gems', 1700),
(40, 20, 'xp', 1100),
(41, 21, 'gems', 8500),
(42, 21, 'xp', 2700),
(43, 22, 'gems', 4000),
(44, 22, 'xp', 1800),
(45, 23, 'gems', 5600),
(46, 23, 'xp', 2100),
(47, 24, 'gems', 18000),
(48, 24, 'xp', 3500),
(49, 25, 'gems', 1500),
(50, 25, 'xp', 900),
(51, 26, 'gems', 9600),
(52, 26, 'xp', 2800),
(53, 27, 'gems', 200),
(54, 27, 'xp', 400),
(55, 28, 'gems', 6200),
(56, 28, 'xp', 2400),
(57, 29, 'gems', 4200),
(58, 29, 'xp', 2000),
(59, 30, 'gems', 3900),
(60, 30, 'xp', 1900),
(61, 31, 'gems', 7500),
(62, 31, 'xp', 2600),
(63, 32, 'gems', 2000),
(64, 32, 'xp', 1200),
(65, 33, 'gems', 2800),
(66, 33, 'xp', 1700),
(67, 34, 'gems', 1000),
(68, 34, 'xp', 800),
(69, 35, 'gems', 6500),
(70, 35, 'xp', 2200),
(71, 36, 'gems', 15000),
(72, 36, 'xp', 3000),
(73, 37, 'gems', 1800),
(74, 37, 'xp', 1100),
(75, 38, 'gems', 4000),
(76, 38, 'xp', 1900),
(77, 39, 'gems', 5700),
(78, 39, 'xp', 2200),
(79, 40, 'gems', 2100),
(80, 40, 'xp', 1300),
(81, 41, 'gems', 800),
(82, 41, 'xp', 600),
(83, 42, 'gems', 15000),
(84, 42, 'xp', 3100),
(85, 43, 'gems', 1200),
(86, 43, 'xp', 700),
(87, 44, 'gems', 5500),
(88, 44, 'xp', 2300),
(89, 45, 'gems', 2700),
(90, 45, 'xp', 1500),
(91, 46, 'gems', 9400),
(92, 46, 'xp', 2900),
(93, 47, 'gems', 300),
(94, 47, 'xp', 500),
(95, 48, 'gems', 6200),
(96, 48, 'xp', 2400),
(97, 49, 'gems', 4100),
(98, 49, 'xp', 2000),
(99, 50, 'gems', 4000),
(100, 50, 'xp', 1900);
COMMIT;

/*!40101 SET CHARACTER_SET_CLIENT=@OLD_CHARACTER_SET_CLIENT */;
/*!40101 SET CHARACTER_SET_RESULTS=@OLD_CHARACTER_SET_RESULTS */;
/*!40101 SET COLLATION_CONNECTION=@OLD_COLLATION_CONNECTION */;
